--
-- PostgreSQL database dump
--

-- Dumped from database version 13.9 (Debian 13.9-1.pgdg110+1)
-- Dumped by pg_dump version 14.2

-- Started on 2023-06-30 22:14:56

SET statement_timeout = 0;
SET lock_timeout = 0;
SET idle_in_transaction_session_timeout = 0;
SET client_encoding = 'UTF8';
SET standard_conforming_strings = on;
SELECT pg_catalog.set_config('search_path', '', false);
SET check_function_bodies = false;
SET xmloption = content;
SET client_min_messages = warning;
SET row_security = off;

--
-- TOC entry 3 (class 2615 OID 2200)
-- Name: public; Type: SCHEMA; Schema: -; Owner: postgres
--

CREATE SCHEMA public;


ALTER SCHEMA public OWNER TO postgres;

--
-- TOC entry 3387 (class 0 OID 0)
-- Dependencies: 3
-- Name: SCHEMA public; Type: COMMENT; Schema: -; Owner: postgres
--

COMMENT ON SCHEMA public IS 'standard public schema';


SET default_tablespace = '';

SET default_table_access_method = heap;

--
-- TOC entry 241 (class 1259 OID 17463)
-- Name: audit_code; Type: TABLE; Schema: public; Owner: postgres
--

CREATE TABLE public.audit_code (
    id character varying(255) NOT NULL,
    title character varying(255),
    enabled boolean DEFAULT true NOT NULL,
    audit_group_id character varying(255) NOT NULL
);


ALTER TABLE public.audit_code OWNER TO postgres;

--
-- TOC entry 242 (class 1259 OID 17477)
-- Name: audit_event_template; Type: TABLE; Schema: public; Owner: postgres
--

CREATE TABLE public.audit_event_template (
    id bigint NOT NULL,
    event_type character varying(255) NOT NULL,
    message_template character varying(1024) NOT NULL,
    audit_code_id character varying(255) NOT NULL
);


ALTER TABLE public.audit_event_template OWNER TO postgres;

--
-- TOC entry 240 (class 1259 OID 17455)
-- Name: audit_group; Type: TABLE; Schema: public; Owner: postgres
--

CREATE TABLE public.audit_group (
    id character varying(255) NOT NULL,
    title character varying(255)
);


ALTER TABLE public.audit_group OWNER TO postgres;

--
-- TOC entry 233 (class 1259 OID 17350)
-- Name: classifier_info; Type: TABLE; Schema: public; Owner: postgres
--

CREATE TABLE public.classifier_info (
    id bigint NOT NULL,
    classifier_name character varying(255) NOT NULL,
    classifier_options text NOT NULL
);


ALTER TABLE public.classifier_info OWNER TO postgres;

--
-- TOC entry 232 (class 1259 OID 17348)
-- Name: classifier_info_id_seq; Type: SEQUENCE; Schema: public; Owner: postgres
--

ALTER TABLE public.classifier_info ALTER COLUMN id ADD GENERATED BY DEFAULT AS IDENTITY (
    SEQUENCE NAME public.classifier_info_id_seq
    START WITH 1
    INCREMENT BY 1
    NO MINVALUE
    NO MAXVALUE
    CACHE 1
);


--
-- TOC entry 207 (class 1259 OID 17145)
-- Name: classifier_options; Type: TABLE; Schema: public; Owner: postgres
--

CREATE TABLE public.classifier_options (
    id bigint NOT NULL,
    options_name character varying(255) NOT NULL,
    creation_date timestamp without time zone NOT NULL,
    config text NOT NULL,
    config_md5_hash character varying(255) NOT NULL,
    configuration_id bigint NOT NULL,
    created_by character varying(255)
);


ALTER TABLE public.classifier_options OWNER TO postgres;

--
-- TOC entry 206 (class 1259 OID 17143)
-- Name: classifier_options_id_seq; Type: SEQUENCE; Schema: public; Owner: postgres
--

ALTER TABLE public.classifier_options ALTER COLUMN id ADD GENERATED BY DEFAULT AS IDENTITY (
    SEQUENCE NAME public.classifier_options_id_seq
    START WITH 1
    INCREMENT BY 1
    NO MINVALUE
    NO MAXVALUE
    CACHE 1
);


--
-- TOC entry 219 (class 1259 OID 17233)
-- Name: classifier_options_request; Type: TABLE; Schema: public; Owner: postgres
--

CREATE TABLE public.classifier_options_request (
    id bigint NOT NULL,
    creation_date timestamp without time zone,
    source character varying(255),
    classifier_options_request_model_id bigint NOT NULL,
    request_id character varying(255) NOT NULL
);


ALTER TABLE public.classifier_options_request OWNER TO postgres;

--
-- TOC entry 218 (class 1259 OID 17231)
-- Name: classifier_options_request_id_seq; Type: SEQUENCE; Schema: public; Owner: postgres
--

ALTER TABLE public.classifier_options_request ALTER COLUMN id ADD GENERATED BY DEFAULT AS IDENTITY (
    SEQUENCE NAME public.classifier_options_request_id_seq
    START WITH 1
    INCREMENT BY 1
    NO MINVALUE
    NO MAXVALUE
    CACHE 1
);


--
-- TOC entry 215 (class 1259 OID 17202)
-- Name: classifier_options_request_model; Type: TABLE; Schema: public; Owner: postgres
--

CREATE TABLE public.classifier_options_request_model (
    id bigint NOT NULL,
    evaluation_method character varying(255),
    num_folds integer,
    num_tests integer,
    seed integer,
    instances_info_id bigint NOT NULL
);


ALTER TABLE public.classifier_options_request_model OWNER TO postgres;

--
-- TOC entry 214 (class 1259 OID 17200)
-- Name: classifier_options_request_model_id_seq; Type: SEQUENCE; Schema: public; Owner: postgres
--

ALTER TABLE public.classifier_options_request_model ALTER COLUMN id ADD GENERATED BY DEFAULT AS IDENTITY (
    SEQUENCE NAME public.classifier_options_request_model_id_seq
    START WITH 1
    INCREMENT BY 1
    NO MINVALUE
    NO MAXVALUE
    CACHE 1
);


--
-- TOC entry 217 (class 1259 OID 17218)
-- Name: classifier_options_response_model; Type: TABLE; Schema: public; Owner: postgres
--

CREATE TABLE public.classifier_options_response_model (
    id bigint NOT NULL,
    classifier_name character varying(255),
    classifier_description character varying(255),
    classifier_options text,
    classifier_options_request_model_id bigint NOT NULL
);


ALTER TABLE public.classifier_options_response_model OWNER TO postgres;

--
-- TOC entry 216 (class 1259 OID 17216)
-- Name: classifier_options_response_model_id_seq; Type: SEQUENCE; Schema: public; Owner: postgres
--

ALTER TABLE public.classifier_options_response_model ALTER COLUMN id ADD GENERATED BY DEFAULT AS IDENTITY (
    SEQUENCE NAME public.classifier_options_response_model_id_seq
    START WITH 1
    INCREMENT BY 1
    NO MINVALUE
    NO MAXVALUE
    CACHE 1
);


--
-- TOC entry 237 (class 1259 OID 17391)
-- Name: classifiers_configuration; Type: TABLE; Schema: public; Owner: postgres
--

CREATE TABLE public.classifiers_configuration (
    id bigint NOT NULL,
    configuration_name character varying(255) NOT NULL,
    creation_date timestamp without time zone NOT NULL,
    updated timestamp without time zone,
    build_in boolean DEFAULT false,
    is_active boolean DEFAULT false,
    created_by character varying(255)
);


ALTER TABLE public.classifiers_configuration OWNER TO postgres;

--
-- TOC entry 255 (class 1259 OID 17625)
-- Name: classifiers_configuration_history; Type: TABLE; Schema: public; Owner: postgres
--

CREATE TABLE public.classifiers_configuration_history (
    id bigint NOT NULL,
    action_type character varying(255) NOT NULL,
    message_text text NOT NULL,
    created_at timestamp without time zone NOT NULL,
    created_by character varying(255) NOT NULL,
    configuration_id bigint NOT NULL
);


ALTER TABLE public.classifiers_configuration_history OWNER TO postgres;

--
-- TOC entry 254 (class 1259 OID 17623)
-- Name: classifiers_configuration_history_id_seq; Type: SEQUENCE; Schema: public; Owner: postgres
--

ALTER TABLE public.classifiers_configuration_history ALTER COLUMN id ADD GENERATED BY DEFAULT AS IDENTITY (
    SEQUENCE NAME public.classifiers_configuration_history_id_seq
    START WITH 1
    INCREMENT BY 1
    NO MINVALUE
    NO MAXVALUE
    CACHE 1
);


--
-- TOC entry 236 (class 1259 OID 17389)
-- Name: classifiers_configuration_id_seq; Type: SEQUENCE; Schema: public; Owner: postgres
--

ALTER TABLE public.classifiers_configuration ALTER COLUMN id ADD GENERATED BY DEFAULT AS IDENTITY (
    SEQUENCE NAME public.classifiers_configuration_id_seq
    START WITH 1
    INCREMENT BY 1
    NO MINVALUE
    NO MAXVALUE
    CACHE 1
);


--
-- TOC entry 201 (class 1259 OID 17091)
-- Name: databasechangelog; Type: TABLE; Schema: public; Owner: postgres
--

CREATE TABLE public.databasechangelog (
    id character varying(255) NOT NULL,
    author character varying(255) NOT NULL,
    filename character varying(255) NOT NULL,
    dateexecuted timestamp without time zone NOT NULL,
    orderexecuted integer NOT NULL,
    exectype character varying(10) NOT NULL,
    md5sum character varying(35),
    description character varying(255),
    comments character varying(255),
    tag character varying(255),
    liquibase character varying(20),
    contexts character varying(255),
    labels character varying(255),
    deployment_id character varying(10)
);


ALTER TABLE public.databasechangelog OWNER TO postgres;

--
-- TOC entry 200 (class 1259 OID 17086)
-- Name: databasechangeloglock; Type: TABLE; Schema: public; Owner: postgres
--

CREATE TABLE public.databasechangeloglock (
    id integer NOT NULL,
    locked boolean NOT NULL,
    lockgranted timestamp without time zone,
    lockedby character varying(255)
);


ALTER TABLE public.databasechangeloglock OWNER TO postgres;

--
-- TOC entry 209 (class 1259 OID 17155)
-- Name: ers_request; Type: TABLE; Schema: public; Owner: postgres
--

CREATE TABLE public.ers_request (
    id bigint NOT NULL,
    request_date timestamp without time zone,
    request_id character varying(255) NOT NULL,
    response_status character varying(255) NOT NULL,
    details text
);


ALTER TABLE public.ers_request OWNER TO postgres;

--
-- TOC entry 208 (class 1259 OID 17153)
-- Name: ers_request_id_seq; Type: SEQUENCE; Schema: public; Owner: postgres
--

ALTER TABLE public.ers_request ALTER COLUMN id ADD GENERATED BY DEFAULT AS IDENTITY (
    SEQUENCE NAME public.ers_request_id_seq
    START WITH 1
    INCREMENT BY 1
    NO MINVALUE
    NO MAXVALUE
    CACHE 1
);


--
-- TOC entry 204 (class 1259 OID 17107)
-- Name: evaluation_log; Type: TABLE; Schema: public; Owner: postgres
--

CREATE TABLE public.evaluation_log (
    id bigint NOT NULL,
    creation_date timestamp without time zone NOT NULL,
    start_date timestamp without time zone,
    end_date timestamp without time zone,
    request_status character varying(255) NOT NULL,
    error_message text,
    evaluation_method character varying(255) NOT NULL,
    instances_info_id bigint NOT NULL,
    request_id character varying(255) NOT NULL,
    classifier_info_id bigint NOT NULL,
    num_folds integer,
    num_tests integer,
    seed integer,
    model_path character varying(255),
    deleted_date timestamp without time zone,
    pct_correct numeric(19,4)
);


ALTER TABLE public.evaluation_log OWNER TO postgres;

--
-- TOC entry 211 (class 1259 OID 17165)
-- Name: evaluation_results_request; Type: TABLE; Schema: public; Owner: postgres
--

CREATE TABLE public.evaluation_results_request (
    id bigint NOT NULL,
    evaluation_log_id bigint NOT NULL
);


ALTER TABLE public.evaluation_results_request OWNER TO postgres;

--
-- TOC entry 210 (class 1259 OID 17163)
-- Name: evaluation_results_request_id_seq; Type: SEQUENCE; Schema: public; Owner: postgres
--

ALTER TABLE public.evaluation_results_request ALTER COLUMN id ADD GENERATED BY DEFAULT AS IDENTITY (
    SEQUENCE NAME public.evaluation_results_request_id_seq
    START WITH 1
    INCREMENT BY 1
    NO MINVALUE
    NO MAXVALUE
    CACHE 1
);


--
-- TOC entry 205 (class 1259 OID 17133)
-- Name: experiment; Type: TABLE; Schema: public; Owner: postgres
--

CREATE TABLE public.experiment (
    id bigint NOT NULL,
    email character varying(255),
    model_path character varying(255),
    training_data_path character varying(255),
    request_id character varying(255) NOT NULL,
    creation_date timestamp without time zone NOT NULL,
    start_date timestamp without time zone,
    end_date timestamp without time zone,
    experiment_type character varying(255) NOT NULL,
    request_status character varying(255) NOT NULL,
    error_message text,
    evaluation_method character varying(255) NOT NULL,
    deleted_date timestamp without time zone,
    num_folds integer,
    num_tests integer,
    seed integer,
    class_index integer,
    channel_type character varying(255) NOT NULL,
    reply_to character varying(255),
    correlation_id character varying(255),
    experiment_download_url character varying(1024),
    instances_info_id bigint NOT NULL,
    created_by character varying(255)
);


ALTER TABLE public.experiment OWNER TO postgres;

--
-- TOC entry 239 (class 1259 OID 17444)
-- Name: experiment_progress; Type: TABLE; Schema: public; Owner: postgres
--

CREATE TABLE public.experiment_progress (
    id bigint NOT NULL,
    progress integer NOT NULL,
    finished boolean DEFAULT false,
    experiment_id bigint NOT NULL
);


ALTER TABLE public.experiment_progress OWNER TO postgres;

--
-- TOC entry 238 (class 1259 OID 17442)
-- Name: experiment_progress_id_seq; Type: SEQUENCE; Schema: public; Owner: postgres
--

ALTER TABLE public.experiment_progress ALTER COLUMN id ADD GENERATED BY DEFAULT AS IDENTITY (
    SEQUENCE NAME public.experiment_progress_id_seq
    START WITH 1
    INCREMENT BY 1
    NO MINVALUE
    NO MAXVALUE
    CACHE 1
);


--
-- TOC entry 235 (class 1259 OID 17368)
-- Name: experiment_results; Type: TABLE; Schema: public; Owner: postgres
--

CREATE TABLE public.experiment_results (
    id bigint NOT NULL,
    results_index integer NOT NULL,
    classifier_info_id bigint NOT NULL,
    pct_correct numeric(19,4) NOT NULL,
    experiment_id bigint NOT NULL
);


ALTER TABLE public.experiment_results OWNER TO postgres;

--
-- TOC entry 234 (class 1259 OID 17366)
-- Name: experiment_results_id_seq; Type: SEQUENCE; Schema: public; Owner: postgres
--

ALTER TABLE public.experiment_results ALTER COLUMN id ADD GENERATED BY DEFAULT AS IDENTITY (
    SEQUENCE NAME public.experiment_results_id_seq
    START WITH 1
    INCREMENT BY 1
    NO MINVALUE
    NO MAXVALUE
    CACHE 1
);


--
-- TOC entry 213 (class 1259 OID 17182)
-- Name: experiment_results_request; Type: TABLE; Schema: public; Owner: postgres
--

CREATE TABLE public.experiment_results_request (
    id bigint NOT NULL,
    experiment_results_id bigint NOT NULL
);


ALTER TABLE public.experiment_results_request OWNER TO postgres;

--
-- TOC entry 212 (class 1259 OID 17180)
-- Name: experiment_results_request_id_seq; Type: SEQUENCE; Schema: public; Owner: postgres
--

ALTER TABLE public.experiment_results_request ALTER COLUMN id ADD GENERATED BY DEFAULT AS IDENTITY (
    SEQUENCE NAME public.experiment_results_request_id_seq
    START WITH 1
    INCREMENT BY 1
    NO MINVALUE
    NO MAXVALUE
    CACHE 1
);


--
-- TOC entry 258 (class 1259 OID 17653)
-- Name: experiment_step; Type: TABLE; Schema: public; Owner: postgres
--

CREATE TABLE public.experiment_step (
    id bigint NOT NULL,
    step character varying(255) NOT NULL,
    status character varying(255) NOT NULL,
    step_order integer NOT NULL,
    created timestamp without time zone NOT NULL,
    started timestamp without time zone,
    completed timestamp without time zone,
    error_message text,
    num_failed_attempts integer DEFAULT 0,
    experiment_id bigint NOT NULL
);


ALTER TABLE public.experiment_step OWNER TO postgres;

--
-- TOC entry 257 (class 1259 OID 17651)
-- Name: experiment_step_id_seq; Type: SEQUENCE; Schema: public; Owner: postgres
--

ALTER TABLE public.experiment_step ALTER COLUMN id ADD GENERATED BY DEFAULT AS IDENTITY (
    SEQUENCE NAME public.experiment_step_id_seq
    START WITH 1
    INCREMENT BY 1
    NO MINVALUE
    NO MAXVALUE
    CACHE 1
);


--
-- TOC entry 223 (class 1259 OID 17270)
-- Name: filter_dictionary; Type: TABLE; Schema: public; Owner: postgres
--

CREATE TABLE public.filter_dictionary (
    id bigint NOT NULL,
    name character varying(255) NOT NULL
);


ALTER TABLE public.filter_dictionary OWNER TO postgres;

--
-- TOC entry 222 (class 1259 OID 17268)
-- Name: filter_dictionary_id_seq; Type: SEQUENCE; Schema: public; Owner: postgres
--

ALTER TABLE public.filter_dictionary ALTER COLUMN id ADD GENERATED BY DEFAULT AS IDENTITY (
    SEQUENCE NAME public.filter_dictionary_id_seq
    START WITH 1
    INCREMENT BY 1
    NO MINVALUE
    NO MAXVALUE
    CACHE 1
);


--
-- TOC entry 227 (class 1259 OID 17297)
-- Name: filter_dictionary_value; Type: TABLE; Schema: public; Owner: postgres
--

CREATE TABLE public.filter_dictionary_value (
    id bigint NOT NULL,
    label character varying(255) NOT NULL,
    value character varying(255) NOT NULL,
    filter_dictionary_id bigint NOT NULL
);


ALTER TABLE public.filter_dictionary_value OWNER TO postgres;

--
-- TOC entry 226 (class 1259 OID 17295)
-- Name: filter_dictionary_value_id_seq; Type: SEQUENCE; Schema: public; Owner: postgres
--

ALTER TABLE public.filter_dictionary_value ALTER COLUMN id ADD GENERATED BY DEFAULT AS IDENTITY (
    SEQUENCE NAME public.filter_dictionary_value_id_seq
    START WITH 1
    INCREMENT BY 1
    NO MINVALUE
    NO MAXVALUE
    CACHE 1
);


--
-- TOC entry 225 (class 1259 OID 17277)
-- Name: filter_field; Type: TABLE; Schema: public; Owner: postgres
--

CREATE TABLE public.filter_field (
    id bigint NOT NULL,
    field_name character varying(255) NOT NULL,
    description character varying(255) NOT NULL,
    field_order integer NOT NULL,
    filter_field_type character varying(255) NOT NULL,
    match_mode character varying(255) NOT NULL,
    filter_template_id bigint NOT NULL,
    filter_dictionary_id bigint,
    multiple boolean DEFAULT false
);


ALTER TABLE public.filter_field OWNER TO postgres;

--
-- TOC entry 224 (class 1259 OID 17275)
-- Name: filter_field_id_seq; Type: SEQUENCE; Schema: public; Owner: postgres
--

ALTER TABLE public.filter_field ALTER COLUMN id ADD GENERATED BY DEFAULT AS IDENTITY (
    SEQUENCE NAME public.filter_field_id_seq
    START WITH 1
    INCREMENT BY 1
    NO MINVALUE
    NO MAXVALUE
    CACHE 1
);


--
-- TOC entry 221 (class 1259 OID 17260)
-- Name: filter_template; Type: TABLE; Schema: public; Owner: postgres
--

CREATE TABLE public.filter_template (
    id bigint NOT NULL,
    template_name character varying(255) NOT NULL,
    template_type character varying(255) NOT NULL,
    created timestamp without time zone NOT NULL
);


ALTER TABLE public.filter_template OWNER TO postgres;

--
-- TOC entry 220 (class 1259 OID 17258)
-- Name: filter_template_id_seq; Type: SEQUENCE; Schema: public; Owner: postgres
--

ALTER TABLE public.filter_template ALTER COLUMN id ADD GENERATED BY DEFAULT AS IDENTITY (
    SEQUENCE NAME public.filter_template_id_seq
    START WITH 1
    INCREMENT BY 1
    NO MINVALUE
    NO MAXVALUE
    CACHE 1
);


--
-- TOC entry 251 (class 1259 OID 17580)
-- Name: form_field; Type: TABLE; Schema: public; Owner: postgres
--

CREATE TABLE public.form_field (
    id bigint NOT NULL,
    field_name character varying(255) NOT NULL,
    description character varying(255) NOT NULL,
    field_order integer NOT NULL,
    field_type character varying(255) NOT NULL,
    min_value numeric(19,2),
    min_inclusive boolean DEFAULT true,
    max_value numeric(19,2),
    max_inclusive boolean DEFAULT true,
    max_length integer,
    pattern character varying(255),
    invalid_pattern_message character varying(255),
    place_holder character varying(255),
    template_id bigint NOT NULL,
    dictionary_id bigint,
    default_value character varying(255),
    read_only boolean DEFAULT false
);


ALTER TABLE public.form_field OWNER TO postgres;

--
-- TOC entry 249 (class 1259 OID 17573)
-- Name: form_field_dictionary; Type: TABLE; Schema: public; Owner: postgres
--

CREATE TABLE public.form_field_dictionary (
    id bigint NOT NULL,
    name character varying(255) NOT NULL
);


ALTER TABLE public.form_field_dictionary OWNER TO postgres;

--
-- TOC entry 248 (class 1259 OID 17571)
-- Name: form_field_dictionary_id_seq; Type: SEQUENCE; Schema: public; Owner: postgres
--

ALTER TABLE public.form_field_dictionary ALTER COLUMN id ADD GENERATED BY DEFAULT AS IDENTITY (
    SEQUENCE NAME public.form_field_dictionary_id_seq
    START WITH 1
    INCREMENT BY 1
    NO MINVALUE
    NO MAXVALUE
    CACHE 1
);


--
-- TOC entry 253 (class 1259 OID 17604)
-- Name: form_field_dictionary_value; Type: TABLE; Schema: public; Owner: postgres
--

CREATE TABLE public.form_field_dictionary_value (
    id bigint NOT NULL,
    label character varying(255) NOT NULL,
    value character varying(255) NOT NULL,
    dictionary_id bigint NOT NULL
);


ALTER TABLE public.form_field_dictionary_value OWNER TO postgres;

--
-- TOC entry 252 (class 1259 OID 17602)
-- Name: form_field_dictionary_value_id_seq; Type: SEQUENCE; Schema: public; Owner: postgres
--

ALTER TABLE public.form_field_dictionary_value ALTER COLUMN id ADD GENERATED BY DEFAULT AS IDENTITY (
    SEQUENCE NAME public.form_field_dictionary_value_id_seq
    START WITH 1
    INCREMENT BY 1
    NO MINVALUE
    NO MAXVALUE
    CACHE 1
);


--
-- TOC entry 250 (class 1259 OID 17578)
-- Name: form_field_id_seq; Type: SEQUENCE; Schema: public; Owner: postgres
--

ALTER TABLE public.form_field ALTER COLUMN id ADD GENERATED BY DEFAULT AS IDENTITY (
    SEQUENCE NAME public.form_field_id_seq
    START WITH 1
    INCREMENT BY 1
    NO MINVALUE
    NO MAXVALUE
    CACHE 1
);


--
-- TOC entry 247 (class 1259 OID 17556)
-- Name: form_template; Type: TABLE; Schema: public; Owner: postgres
--

CREATE TABLE public.form_template (
    id bigint NOT NULL,
    template_name character varying(255) NOT NULL,
    object_class character varying(255),
    object_type character varying(255),
    template_title character varying(255) NOT NULL,
    group_id bigint NOT NULL
);


ALTER TABLE public.form_template OWNER TO postgres;

--
-- TOC entry 245 (class 1259 OID 17547)
-- Name: form_template_group; Type: TABLE; Schema: public; Owner: postgres
--

CREATE TABLE public.form_template_group (
    id bigint NOT NULL,
    group_name character varying(255) NOT NULL
);


ALTER TABLE public.form_template_group OWNER TO postgres;

--
-- TOC entry 244 (class 1259 OID 17545)
-- Name: form_template_group_id_seq; Type: SEQUENCE; Schema: public; Owner: postgres
--

ALTER TABLE public.form_template_group ALTER COLUMN id ADD GENERATED BY DEFAULT AS IDENTITY (
    SEQUENCE NAME public.form_template_group_id_seq
    START WITH 1
    INCREMENT BY 1
    NO MINVALUE
    NO MAXVALUE
    CACHE 1
);


--
-- TOC entry 246 (class 1259 OID 17554)
-- Name: form_template_id_seq; Type: SEQUENCE; Schema: public; Owner: postgres
--

ALTER TABLE public.form_template ALTER COLUMN id ADD GENERATED BY DEFAULT AS IDENTITY (
    SEQUENCE NAME public.form_template_id_seq
    START WITH 1
    INCREMENT BY 1
    NO MINVALUE
    NO MAXVALUE
    CACHE 1
);


--
-- TOC entry 231 (class 1259 OID 17337)
-- Name: global_filter_field; Type: TABLE; Schema: public; Owner: postgres
--

CREATE TABLE public.global_filter_field (
    id bigint NOT NULL,
    field_name character varying(255) NOT NULL,
    global_filter_template_id bigint NOT NULL
);


ALTER TABLE public.global_filter_field OWNER TO postgres;

--
-- TOC entry 230 (class 1259 OID 17335)
-- Name: global_filter_field_id_seq; Type: SEQUENCE; Schema: public; Owner: postgres
--

ALTER TABLE public.global_filter_field ALTER COLUMN id ADD GENERATED BY DEFAULT AS IDENTITY (
    SEQUENCE NAME public.global_filter_field_id_seq
    START WITH 1
    INCREMENT BY 1
    NO MINVALUE
    NO MAXVALUE
    CACHE 1
);


--
-- TOC entry 229 (class 1259 OID 17327)
-- Name: global_filter_template; Type: TABLE; Schema: public; Owner: postgres
--

CREATE TABLE public.global_filter_template (
    id bigint NOT NULL,
    filter_name character varying(255) NOT NULL,
    template_type character varying(255) NOT NULL
);


ALTER TABLE public.global_filter_template OWNER TO postgres;

--
-- TOC entry 228 (class 1259 OID 17325)
-- Name: global_filter_template_id_seq; Type: SEQUENCE; Schema: public; Owner: postgres
--

ALTER TABLE public.global_filter_template ALTER COLUMN id ADD GENERATED BY DEFAULT AS IDENTITY (
    SEQUENCE NAME public.global_filter_template_id_seq
    START WITH 1
    INCREMENT BY 1
    NO MINVALUE
    NO MAXVALUE
    CACHE 1
);


--
-- TOC entry 202 (class 1259 OID 17097)
-- Name: hibernate_sequence; Type: SEQUENCE; Schema: public; Owner: postgres
--

CREATE SEQUENCE public.hibernate_sequence
    START WITH 1
    INCREMENT BY 1
    NO MINVALUE
    NO MAXVALUE
    CACHE 1;


ALTER TABLE public.hibernate_sequence OWNER TO postgres;

--
-- TOC entry 203 (class 1259 OID 17099)
-- Name: instances_info; Type: TABLE; Schema: public; Owner: postgres
--

CREATE TABLE public.instances_info (
    id bigint NOT NULL,
    relation_name character varying(255) NOT NULL,
    num_instances integer NOT NULL,
    num_attributes integer NOT NULL,
    num_classes integer NOT NULL,
    class_name character varying(255) NOT NULL,
    data_md5_hash character varying(255) NOT NULL,
    created_date timestamp without time zone NOT NULL,
    uuid character varying(255) NOT NULL
);


ALTER TABLE public.instances_info OWNER TO postgres;

--
-- TOC entry 256 (class 1259 OID 17638)
-- Name: message_template; Type: TABLE; Schema: public; Owner: postgres
--

CREATE TABLE public.message_template (
    id character varying(255) NOT NULL,
    template_text text NOT NULL
);


ALTER TABLE public.message_template OWNER TO postgres;

--
-- TOC entry 243 (class 1259 OID 17500)
-- Name: retry_request; Type: TABLE; Schema: public; Owner: postgres
--

CREATE TABLE public.retry_request (
    id bigint NOT NULL,
    request_type character varying(255) NOT NULL,
    request_id character varying(255),
    request text NOT NULL,
    tx_id character varying(255),
    retries integer DEFAULT 0,
    max_retries integer DEFAULT '-1'::integer,
    created_at timestamp without time zone NOT NULL,
    retry_at timestamp without time zone
);


ALTER TABLE public.retry_request OWNER TO postgres;

--
-- TOC entry 3364 (class 0 OID 17463)
-- Dependencies: 241
-- Data for Name: audit_code; Type: TABLE DATA; Schema: public; Owner: postgres
--

COPY public.audit_code (id, title, enabled, audit_group_id) FROM stdin;
ADD_CONFIGURATION	Добавление новой конфигурации с настройками классификаторов	t	CLASSIFIERS_CONFIGURATIONS_ACTIONS
RENAME_CONFIGURATION	Изменение названия конфигурации с настройками классификаторов	t	CLASSIFIERS_CONFIGURATIONS_ACTIONS
DELETE_CONFIGURATION	Удаление конфигурации с настройками классификаторов	t	CLASSIFIERS_CONFIGURATIONS_ACTIONS
SET_ACTIVE_CONFIGURATION	Установка активной конфигурации с настройками классификаторов	t	CLASSIFIERS_CONFIGURATIONS_ACTIONS
COPY_CONFIGURATION	Создание копии конфигурации с настройками классификаторов	t	CLASSIFIERS_CONFIGURATIONS_ACTIONS
ADD_CLASSIFIER_OPTIONS	Добавление настроек классификатора в конфигурацию	t	CLASSIFIERS_CONFIGURATIONS_ACTIONS
DELETE_CLASSIFIER_OPTIONS	Удаление настроек классификатора из конфигурации	t	CLASSIFIERS_CONFIGURATIONS_ACTIONS
GENERATE_CONFIGURATION_REPORT	Выгрузка отчета для конфигурации с настройками классификаторов	t	CLASSIFIERS_CONFIGURATIONS_ACTIONS
CREATE_EXPERIMENT_REQUEST	Создание заявки на эксперимент	t	EVALUATION_REQUESTS_ACTIONS
GENERATE_EVALUATION_REQUESTS_REPORT	Выгрузка отчета по заявкам	t	EVALUATION_REQUESTS_ACTIONS
\.


--
-- TOC entry 3365 (class 0 OID 17477)
-- Dependencies: 242
-- Data for Name: audit_event_template; Type: TABLE DATA; Schema: public; Owner: postgres
--

COPY public.audit_event_template (id, event_type, message_template, audit_code_id) FROM stdin;
1	SUCCESS	Добавлена новая конфигурация [${returnValue.id}] с именем ${configurationDto.configurationName}	ADD_CONFIGURATION
2	SUCCESS	Изменено название конфигурации [${configurationDto.id}]. Новое название - ${configurationDto.configurationName}	RENAME_CONFIGURATION
3	SUCCESS	Удалена конфигурация [${id}]	DELETE_CONFIGURATION
4	SUCCESS	Установлена активная конфигурация [${id}]	SET_ACTIVE_CONFIGURATION
5	SUCCESS	Создана копия конфигурации [${configurationDto.id}]. Идентификатор копии [${returnValue.id}], название конфигурации ${returnValue.configurationName}	COPY_CONFIGURATION
6	SUCCESS	Добавлены новые настройки классификатора в конфигурацию [${configurationId}]. Идентификатор настроек [${returnValue.id}], название настроек [${returnValue.optionsDescription}]	ADD_CLASSIFIER_OPTIONS
7	SUCCESS	Удалены настройки классификатора [${returnValue.id}] из конфигурации [${returnValue.configuration.id}]	DELETE_CLASSIFIER_OPTIONS
8	SUCCESS	Выгружен отчет для конфигурации с настройками классификаторов [${id}]	GENERATE_CONFIGURATION_REPORT
9	SUCCESS	Создана заявка на эксперимент [${experimentRequestDto.experimentType.description}], идентификатор заявки [${returnValue.requestId}]	CREATE_EXPERIMENT_REQUEST
10	SUCCESS	Выгружен отчет [${reportType.description}]	GENERATE_EVALUATION_REQUESTS_REPORT
\.


--
-- TOC entry 3363 (class 0 OID 17455)
-- Dependencies: 240
-- Data for Name: audit_group; Type: TABLE DATA; Schema: public; Owner: postgres
--

COPY public.audit_group (id, title) FROM stdin;
CLASSIFIERS_CONFIGURATIONS_ACTIONS	Действия с конфигурациями классификаторов
EVALUATION_REQUESTS_ACTIONS	Действия с заявками на построение моделей
\.


--
-- TOC entry 3356 (class 0 OID 17350)
-- Dependencies: 233
-- Data for Name: classifier_info; Type: TABLE DATA; Schema: public; Owner: postgres
--

COPY public.classifier_info (id, classifier_name, classifier_options) FROM stdin;
\.


--
-- TOC entry 3330 (class 0 OID 17145)
-- Dependencies: 207
-- Data for Name: classifier_options; Type: TABLE DATA; Schema: public; Owner: postgres
--

COPY public.classifier_options (id, options_name, creation_date, config, config_md5_hash, configuration_id, created_by) FROM stdin;
2	DecisionTreeOptions	2023-06-30 21:51:12.35194	{"type":"decision_tree","decisionTreeType":"CART","minObj":null,"maxDepth":null,"randomTree":null,"numRandomAttr":null,"useBinarySplits":null,"useRandomSplits":null,"numRandomSplits":null,"seed":null,"alpha":null}	548f6289c72702ffe880625e97d4f91b	1	\N
3	J48Options	2023-06-30 21:51:12.355358	{"type":"j48","minNumObj":null,"binarySplits":false,"unpruned":false,"numFolds":null}	287bfb2acf4072ec5352fac626928c28	1	\N
4	J48Options	2023-06-30 21:51:12.35558	{"type":"j48","minNumObj":null,"binarySplits":false,"unpruned":true,"numFolds":null}	cfeb8ee002d6447f9bdd84bef854ef19	1	\N
5	LogisticOptions	2023-06-30 21:51:12.344787	{"type":"logistic","maxIts":null,"useConjugateGradientDescent":null}	96ddecfada3790f51fb2ec63e55a1b41	1	\N
6	NeuralNetworkOptions	2023-06-30 21:51:12.34842	{"type":"neural_network","numInNeurons":null,"numOutNeurons":null,"hiddenLayer":null,"seed":null,"numIterations":null,"minError":null,"activationFunctionOptions":{"activationFunctionType":"INVERSE_SQUARE_ROOT_UNIT","coefficient":null},"backPropagationOptions":null}	68da380837e983027038eaa41cc765f2	1	\N
7	NeuralNetworkOptions	2023-06-30 21:51:12.343393	{"type":"neural_network","numInNeurons":null,"numOutNeurons":null,"hiddenLayer":null,"seed":null,"numIterations":null,"minError":null,"activationFunctionOptions":{"activationFunctionType":"EXPONENTIAL","coefficient":null},"backPropagationOptions":null}	3d706034575b8ac9e6e11e5c05104aa6	1	\N
8	KNearestNeighboursOptions	2023-06-30 21:51:12.323598	{"type":"knn","numNeighbours":null,"weight":null,"distanceType":"SQUARE_EUCLID"}	70b9637947a5bcf78b74416f04eb7d09	1	\N
9	J48Options	2023-06-30 21:51:12.35551	{"type":"j48","minNumObj":null,"binarySplits":true,"unpruned":false,"numFolds":null}	6b2d3a94d869dc98d00c9d66afb0e3e6	1	\N
10	DecisionTreeOptions	2023-06-30 21:51:12.352237	{"type":"decision_tree","decisionTreeType":"CHAID","minObj":null,"maxDepth":null,"randomTree":null,"numRandomAttr":null,"useBinarySplits":true,"useRandomSplits":null,"numRandomSplits":null,"seed":null,"alpha":null}	4ff06ac87b978c674bdf428c649b5c2f	1	\N
11	KNearestNeighboursOptions	2023-06-30 21:51:12.356184	{"type":"knn","numNeighbours":null,"weight":null,"distanceType":"EUCLID"}	2999286f3346f7bb55005cb3869a4d44	1	\N
12	NeuralNetworkOptions	2023-06-30 21:51:12.3466	{"type":"neural_network","numInNeurons":null,"numOutNeurons":null,"hiddenLayer":null,"seed":null,"numIterations":null,"minError":null,"activationFunctionOptions":{"activationFunctionType":"HYPERBOLIC_TANGENT","coefficient":null},"backPropagationOptions":null}	481ad8add5e02c54bd2b1f0fcd5881a5	1	\N
13	NeuralNetworkOptions	2023-06-30 21:51:12.351742	{"type":"neural_network","numInNeurons":null,"numOutNeurons":null,"hiddenLayer":null,"seed":null,"numIterations":null,"minError":null,"activationFunctionOptions":{"activationFunctionType":"SOFT_SIGN","coefficient":null},"backPropagationOptions":null}	258dc12cf3c7acc92c5a22b608de265d	1	\N
14	KNearestNeighboursOptions	2023-06-30 21:51:12.356383	{"type":"knn","numNeighbours":null,"weight":null,"distanceType":"MANHATTAN"}	8c43b9f2a9a3a46a44d6f1d5fb4f45a7	1	\N
15	DecisionTreeOptions	2023-06-30 21:51:12.35152	{"type":"decision_tree","decisionTreeType":"C45","minObj":null,"maxDepth":null,"randomTree":null,"numRandomAttr":null,"useBinarySplits":true,"useRandomSplits":null,"numRandomSplits":null,"seed":null,"alpha":null}	913f21a5a6169f3180739b1cc05c95fe	1	\N
16	J48Options	2023-06-30 21:51:12.355636	{"type":"j48","minNumObj":null,"binarySplits":true,"unpruned":true,"numFolds":null}	d0ba21c4e308a3da8b3d803f0a028226	1	\N
17	NeuralNetworkOptions	2023-06-30 21:51:12.351423	{"type":"neural_network","numInNeurons":null,"numOutNeurons":null,"hiddenLayer":null,"seed":null,"numIterations":null,"minError":null,"activationFunctionOptions":{"activationFunctionType":"SINUSOID","coefficient":null},"backPropagationOptions":null}	3b0e8497c6aaeaec58d00ad3f8f33bda	1	\N
18	DecisionTreeOptions	2023-06-30 21:51:12.35115	{"type":"decision_tree","decisionTreeType":"C45","minObj":null,"maxDepth":null,"randomTree":null,"numRandomAttr":null,"useBinarySplits":false,"useRandomSplits":null,"numRandomSplits":null,"seed":null,"alpha":null}	0dd6f4d8d6b282fa28c61acd5b7c7e2f	1	\N
19	DecisionTreeOptions	2023-06-30 21:51:12.352133	{"type":"decision_tree","decisionTreeType":"CHAID","minObj":null,"maxDepth":null,"randomTree":null,"numRandomAttr":null,"useBinarySplits":false,"useRandomSplits":null,"numRandomSplits":null,"seed":null,"alpha":null}	3a636a98f2e77a4caeecb10af1f19f56	1	\N
20	DecisionTreeOptions	2023-06-30 21:51:12.352536	{"type":"decision_tree","decisionTreeType":"ID3","minObj":null,"maxDepth":null,"randomTree":null,"numRandomAttr":null,"useBinarySplits":false,"useRandomSplits":null,"numRandomSplits":null,"seed":null,"alpha":null}	1b1b74c1d031e618c318810630d2496c	1	\N
21	KNearestNeighboursOptions	2023-06-30 21:51:12.355949	{"type":"knn","numNeighbours":null,"weight":null,"distanceType":"CHEBYSHEV"}	d072b582d80e4c90504bc301e6f1273f	1	\N
22	DecisionTreeOptions	2023-06-30 21:51:12.352439	{"type":"decision_tree","decisionTreeType":"ID3","minObj":null,"maxDepth":null,"randomTree":null,"numRandomAttr":null,"useBinarySplits":true,"useRandomSplits":null,"numRandomSplits":null,"seed":null,"alpha":null}	8f4768509aaf3d6900a3dfe81754ac97	1	\N
23	NeuralNetworkOptions	2023-06-30 21:51:12.348854	{"type":"neural_network","numInNeurons":null,"numOutNeurons":null,"hiddenLayer":null,"seed":null,"numIterations":null,"minError":null,"activationFunctionOptions":{"activationFunctionType":"LOGISTIC","coefficient":null},"backPropagationOptions":null}	ecfaf9ec59ce2b852a0fb0e2ed5c2532	1	\N
\.


--
-- TOC entry 3342 (class 0 OID 17233)
-- Dependencies: 219
-- Data for Name: classifier_options_request; Type: TABLE DATA; Schema: public; Owner: postgres
--

COPY public.classifier_options_request (id, creation_date, source, classifier_options_request_model_id, request_id) FROM stdin;
\.


--
-- TOC entry 3338 (class 0 OID 17202)
-- Dependencies: 215
-- Data for Name: classifier_options_request_model; Type: TABLE DATA; Schema: public; Owner: postgres
--

COPY public.classifier_options_request_model (id, evaluation_method, num_folds, num_tests, seed, instances_info_id) FROM stdin;
\.


--
-- TOC entry 3340 (class 0 OID 17218)
-- Dependencies: 217
-- Data for Name: classifier_options_response_model; Type: TABLE DATA; Schema: public; Owner: postgres
--

COPY public.classifier_options_response_model (id, classifier_name, classifier_description, classifier_options, classifier_options_request_model_id) FROM stdin;
\.


--
-- TOC entry 3360 (class 0 OID 17391)
-- Dependencies: 237
-- Data for Name: classifiers_configuration; Type: TABLE DATA; Schema: public; Owner: postgres
--

COPY public.classifiers_configuration (id, configuration_name, creation_date, updated, build_in, is_active, created_by) FROM stdin;
1	Default configuration	2023-06-30 21:51:11.876131	\N	t	t	\N
\.


--
-- TOC entry 3378 (class 0 OID 17625)
-- Dependencies: 255
-- Data for Name: classifiers_configuration_history; Type: TABLE DATA; Schema: public; Owner: postgres
--

COPY public.classifiers_configuration_history (id, action_type, message_text, created_at, created_by, configuration_id) FROM stdin;
\.


--
-- TOC entry 3324 (class 0 OID 17091)
-- Dependencies: 201
-- Data for Name: databasechangelog; Type: TABLE DATA; Schema: public; Owner: postgres
--

COPY public.databasechangelog (id, author, filename, dateexecuted, orderexecuted, exectype, md5sum, description, comments, tag, liquibase, contexts, labels, deployment_id) FROM stdin;
1	roman.batygin@mail.ru	db/changelog/v0-init-schema.xml	2023-06-30 21:50:55.221874	1	EXECUTED	8:a3d354491071bf1899da0ff55cd58976	createSequence sequenceName=hibernate_sequence		\N	3.7.0	\N	\N	8136655094
2	roman.batygin@mail.ru	db/changelog/v0-init-schema.xml	2023-06-30 21:50:55.243167	2	EXECUTED	8:c4b6d26f7ec7723cad0cb1f2ac9be9a7	createTable tableName=instances_info		\N	3.7.0	schema	\N	8136655094
3	roman.batygin@mail.ru	db/changelog/v0-init-schema.xml	2023-06-30 21:50:55.259901	3	EXECUTED	8:f3bcf245536138b4540b485f7b2dd9da	createTable tableName=evaluation_log		\N	3.7.0	schema	\N	8136655094
4	roman.batygin@mail.ru	db/changelog/v0-init-schema.xml	2023-06-30 21:50:55.276841	4	EXECUTED	8:253dc175faecacdc5e49ff7de493510b	createTable tableName=evaluation_options; addPrimaryKey constraintName=pk_evaluation_options, tableName=evaluation_options		\N	3.7.0	schema	\N	8136655094
5	roman.batygin@mail.ru	db/changelog/v0-init-schema.xml	2023-06-30 21:50:55.293108	5	EXECUTED	8:d44d7fd8a5d0c877bd1704927873bd38	createTable tableName=experiment		\N	3.7.0	schema	\N	8136655094
1	roman.batygin@mail.ru	db/changelog/000000000001.xml	2023-06-30 21:50:55.301671	6	EXECUTED	8:674af100e8bb059de97ec6a3ccff1661	addColumn tableName=experiment		\N	3.7.0	schema	\N	8136655094
1	roman.batygin@mail.ru	db/changelog/000000000002.xml	2023-06-30 21:50:55.317959	7	EXECUTED	8:a37106a923f2e5a88336eecb0eb718c2	createTable tableName=classifier_options		\N	3.7.0	schema	\N	8136655094
1	roman.batygin@mail.ru	db/changelog/000000000003.xml	2023-06-30 21:50:55.326917	8	MARK_RAN	8:205462fcbe2204e80960a45beff12cde	addColumn tableName=email		\N	3.7.0	schema	\N	8136655094
2	roman.batygin@mail.ru	db/changelog/000000000003.xml	2023-06-30 21:50:55.33638	9	MARK_RAN	8:e907decc15d6392137ea31f8eaf2ec78	addColumn tableName=email		\N	3.7.0	schema	\N	8136655094
3	roman.batygin@mail.ru	db/changelog/000000000003.xml	2023-06-30 21:50:55.345474	10	MARK_RAN	8:90299b299e86e77d2083fda71437c9e7	addColumn tableName=email		\N	3.7.0	schema	\N	8136655094
4	roman.batygin@mail.ru	db/changelog/000000000003.xml	2023-06-30 21:50:55.354504	11	MARK_RAN	8:670ffa11ddb6558965035b357fcc7341	addColumn tableName=email		\N	3.7.0	schema	\N	8136655094
5	roman.batygin@mail.ru	db/changelog/000000000003.xml	2023-06-30 21:50:55.363088	12	MARK_RAN	8:b14aeae8eebd1655d3c854304438960b	sql		\N	3.7.0	schema	\N	8136655094
6	roman.batygin@mail.ru	db/changelog/000000000003.xml	2023-06-30 21:50:55.369829	13	MARK_RAN	8:1bc7e35910e82d6401fc8bca74d3ec87	sql		\N	3.7.0	schema	\N	8136655094
1	roman.batygin@mail.ru	db/changelog/000000000004.xml	2023-06-30 21:50:55.383052	14	EXECUTED	8:2c54e1e2990543e5643ed6a9e01f9d79	createTable tableName=ers_request		\N	3.7.0	schema	\N	8136655094
2	roman.batygin@mail.ru	db/changelog/000000000004.xml	2023-06-30 21:50:55.397427	15	EXECUTED	8:d98f930e59763e1adc43a67260054974	createTable tableName=evaluation_results_request; addForeignKeyConstraint baseTableName=evaluation_results_request, constraintName=fk_evaluation_results_id, referencedTableName=ers_request		\N	3.7.0	schema	\N	8136655094
3	roman.batygin@mail.ru	db/changelog/000000000004.xml	2023-06-30 21:50:55.40954	16	EXECUTED	8:bc61a63480559e53115ac98058d747f0	createTable tableName=experiment_results_request; addForeignKeyConstraint baseTableName=experiment_results_request, constraintName=fk_experiment_results_id, referencedTableName=ers_request		\N	3.7.0	schema	\N	8136655094
1	roman.batygin@mail.ru	db/changelog/000000000005.xml	2023-06-30 21:50:55.415661	17	EXECUTED	8:b439db5499a2068905229fb8617fb410	addColumn tableName=evaluation_log		\N	3.7.0	schema	\N	8136655094
2	roman.batygin@mail.ru	db/changelog/000000000005.xml	2023-06-30 21:50:55.446173	18	EXECUTED	8:412394de64974047f6512ea145cbeb7a	createIndex indexName=idx_request_id, tableName=evaluation_log		\N	3.7.0	schema	\N	8136655094
3	roman.batygin@mail.ru	db/changelog/000000000005.xml	2023-06-30 21:50:55.477474	19	EXECUTED	8:f19ea536e87799663267a25865fc3a71	createIndex indexName=idx_evaluation_status, tableName=evaluation_log		\N	3.7.0	schema	\N	8136655094
4	roman.batygin@mail.ru	db/changelog/000000000005.xml	2023-06-30 21:50:55.505844	20	MARK_RAN	8:9ceb944cfff0eba281c4cd63ac87ff11	createIndex indexName=idx_uuid, tableName=experiment		\N	3.7.0	schema	\N	8136655094
5	roman.batygin@mail.ru	db/changelog/000000000005.xml	2023-06-30 21:50:55.534607	21	EXECUTED	8:2af6734213aa7cfe51b46857aee3cced	createIndex indexName=idx_experiment_status, tableName=experiment		\N	3.7.0	schema	\N	8136655094
1	roman.batygin@mail.ru	db/changelog/000000000006.xml	2023-06-30 21:50:55.545778	22	EXECUTED	8:bbdde2d67b484c16f8359d46c2e63009	createTable tableName=classifier_options_request_model; addForeignKeyConstraint baseTableName=classifier_options_request_model, constraintName=fk_classifier_options_request_id, referencedTableName=ers_request		\N	3.7.0	schema	\N	8136655094
2	roman.batygin@mail.ru	db/changelog/000000000006.xml	2023-06-30 21:50:55.572968	23	EXECUTED	8:23384f5064308b85bfa087f069210ff3	createIndex indexName=idx_data_md5_hash, tableName=classifier_options_request_model		\N	3.7.0	schema	\N	8136655094
3	roman.batygin@mail.ru	db/changelog/000000000006.xml	2023-06-30 21:50:55.584492	24	EXECUTED	8:c0a0345a89545537526ce05828f01952	createTable tableName=classifier_options_response_model		\N	3.7.0	schema	\N	8136655094
4	roman.batygin@mail.ru	db/changelog/000000000006.xml	2023-06-30 21:50:55.59387	25	EXECUTED	8:cd39e167c4ff2894bfb19c9898b09f29	createTable tableName=classifier_options_request		\N	3.7.0	schema	\N	8136655094
1	roman.batygin@mail.ru	db/changelog/000000000007.xml	2023-06-30 21:50:55.598936	26	EXECUTED	8:b78ce81a558f275da8a92d12c5813506	dropColumn columnName=ip_address, tableName=evaluation_log		\N	3.7.0	schema	\N	8136655094
2	roman.batygin@mail.ru	db/changelog/000000000007.xml	2023-06-30 21:50:55.603363	27	EXECUTED	8:c9e51a23838ee3a52196b966781144a6	dropColumn columnName=ip_address, tableName=experiment		\N	3.7.0	schema	\N	8136655094
1	roman.batygin@mail.ru	db/changelog/000000000008.xml	2023-06-30 21:50:55.607618	28	MARK_RAN	8:a9b2325f5d3dd6469f6efb246385fa03	dropTable tableName=email		\N	3.7.0	schema	\N	8136655094
2	roman.batygin@mail.ru	db/changelog/000000000008.xml	2023-06-30 21:50:55.613734	29	EXECUTED	8:ae88cde96c4b2a6e9c7355f189efe86c	dropColumn columnName=failed_attempts_to_sent, tableName=experiment		\N	3.7.0	schema	\N	8136655094
3	roman.batygin@mail.ru	db/changelog/000000000008.xml	2023-06-30 21:50:55.625456	30	EXECUTED	8:3368504d4bcdc14b09e71f4152a14755	createTable tableName=email_request		\N	3.7.0	schema	\N	8136655094
1	roman.batygin@mail.ru	db/changelog/000000000009.xml	2023-06-30 21:50:55.636166	31	EXECUTED	8:f95b69116d17d2396d24e01030367e6e	createTable tableName=filter_template		\N	3.7.0	schema	\N	8136655094
2	roman.batygin@mail.ru	db/changelog/000000000009.xml	2023-06-30 21:50:55.643737	32	EXECUTED	8:e4ba129aa4741dc071ffa7ced19d0679	createTable tableName=filter_dictionary		\N	3.7.0	schema	\N	8136655094
3	roman.batygin@mail.ru	db/changelog/000000000009.xml	2023-06-30 21:50:55.657087	33	EXECUTED	8:69bf77afd0ab507b9660d87bd5597f0c	createTable tableName=filter_field		\N	3.7.0	schema	\N	8136655094
4	roman.batygin@mail.ru	db/changelog/000000000009.xml	2023-06-30 21:50:55.67348	34	EXECUTED	8:09a65d3c8c32bbbe66f180c02c9402fc	createTable tableName=filter_dictionary_value		\N	3.7.0	schema	\N	8136655094
5	roman.batygin@mail.ru	db/changelog/000000000009.xml	2023-06-30 21:50:55.683789	35	EXECUTED	8:d0a3f9fba0857c70610f9479b6ae4b14	insert tableName=filter_dictionary; insert tableName=filter_dictionary_value; insert tableName=filter_dictionary_value; insert tableName=filter_dictionary_value		\N	3.7.0	data	\N	8136655094
6	roman.batygin@mail.ru	db/changelog/000000000009.xml	2023-06-30 21:50:55.694843	36	EXECUTED	8:26085c996b91929c004e69bc2c415ab4	insert tableName=filter_dictionary; insert tableName=filter_dictionary_value; insert tableName=filter_dictionary_value; insert tableName=filter_dictionary_value; insert tableName=filter_dictionary_value; insert tableName=filter_dictionary_value		\N	3.7.0	data	\N	8136655094
7	roman.batygin@mail.ru	db/changelog/000000000009.xml	2023-06-30 21:50:55.705922	37	EXECUTED	8:19695c1d1554425c3e5a14e69ca348ad	insert tableName=filter_dictionary; insert tableName=filter_dictionary_value; insert tableName=filter_dictionary_value; insert tableName=filter_dictionary_value; insert tableName=filter_dictionary_value; insert tableName=filter_dictionary_value; i...		\N	3.7.0	data	\N	8136655094
8	roman.batygin@mail.ru	db/changelog/000000000009.xml	2023-06-30 21:50:55.714326	38	EXECUTED	8:ad2181b50b236487dd876186d2443b8c	insert tableName=filter_dictionary; insert tableName=filter_dictionary_value; insert tableName=filter_dictionary_value; insert tableName=filter_dictionary_value; insert tableName=filter_dictionary_value; insert tableName=filter_dictionary_value; i...		\N	3.7.0	data	\N	8136655094
9	roman.batygin@mail.ru	db/changelog/000000000009.xml	2023-06-30 21:50:55.722328	39	EXECUTED	8:1442209d70b70ec66bf615fc8adf6271	insert tableName=filter_template; insert tableName=filter_field; insert tableName=filter_field; insert tableName=filter_field; insert tableName=filter_field; insert tableName=filter_field; insert tableName=filter_field; insert tableName=filter_fie...		\N	3.7.0	data	\N	8136655094
10	roman.batygin@mail.ru	db/changelog/000000000009.xml	2023-06-30 21:50:55.73426	40	EXECUTED	8:fed8db0177f1ce4d8997fa4e33668353	insert tableName=filter_template; insert tableName=filter_field; insert tableName=filter_field; insert tableName=filter_field; insert tableName=filter_field; insert tableName=filter_field; insert tableName=filter_field		\N	3.7.0	data	\N	8136655094
11	roman.batygin@mail.ru	db/changelog/000000000009.xml	2023-06-30 21:50:55.739873	41	EXECUTED	8:ff83f00744b77a43e9b6be966045d77c	insert tableName=filter_template; insert tableName=filter_field; insert tableName=filter_field; insert tableName=filter_field; insert tableName=filter_field; insert tableName=filter_field; insert tableName=filter_field		\N	3.7.0	data	\N	8136655094
1	roman.batygin@mail.ru	db/changelog/000000000010.xml	2023-06-30 21:50:55.749244	42	EXECUTED	8:ef6c5165237beeb8f0135612ee2330e9	createTable tableName=classifier_input_options		\N	3.7.0	schema	\N	8136655094
1	roman.batygin@mail.ru	db/changelog/000000000011.xml	2023-06-30 21:50:55.75381	43	MARK_RAN	8:54b5f9fc3dea96455d75e410ae24f578	dropTable tableName=input_options		\N	3.7.0	schema	\N	8136655094
1	roman.batygin@mail.ru	db/changelog/000000000012.xml	2023-06-30 21:50:55.75869	44	EXECUTED	8:8d915fb6c5c26040b2950950f5a56ec5	insert tableName=filter_field; update tableName=filter_field; update tableName=filter_field; update tableName=filter_field; update tableName=filter_field		\N	3.7.0	data	\N	8136655094
1	roman.batygin@mail.ru	db/changelog/000000000013.xml	2023-06-30 21:50:55.768214	45	EXECUTED	8:1b413e2b2b29474f0248e4fdb9163ca8	createTable tableName=global_filter_template		\N	3.7.0	schema	\N	8136655094
2	roman.batygin@mail.ru	db/changelog/000000000013.xml	2023-06-30 21:50:55.776529	46	EXECUTED	8:0ac91be0e90734684d22f75dc17204e2	createTable tableName=global_filter_field		\N	3.7.0	schema	\N	8136655094
3	roman.batygin@mail.ru	db/changelog/000000000013.xml	2023-06-30 21:50:55.783212	47	EXECUTED	8:abc1da7383ebb1438d6a98a7e3bc0ac7	insert tableName=global_filter_template; insert tableName=global_filter_field; insert tableName=global_filter_field; insert tableName=global_filter_field		\N	3.7.0	data	\N	8136655094
4	roman.batygin@mail.ru	db/changelog/000000000013.xml	2023-06-30 21:50:55.791867	48	EXECUTED	8:d9cc17f348c9136c613efe5ea0b5dd60	insert tableName=global_filter_template; insert tableName=global_filter_field; insert tableName=global_filter_field; insert tableName=global_filter_field		\N	3.7.0	data	\N	8136655094
11	roman.batygin@mail.ru	db/changelog/000000000013.xml	2023-06-30 21:50:55.797075	49	EXECUTED	8:5579dda7c0dd49194fd81d1dbccfd631	insert tableName=global_filter_template; insert tableName=global_filter_field; insert tableName=global_filter_field		\N	3.7.0	data	\N	8136655094
1	roman.batygin@mail.ru	db/changelog/000000000014.xml	2023-06-30 21:50:55.801025	50	EXECUTED	8:16b0ac19750358b4a44f8926c42fb9fb	renameColumn newColumnName=filter_field_type, oldColumnName=filter_type, tableName=filter_field		\N	3.7.0	schema	\N	8136655094
2	roman.batygin@mail.ru	db/changelog/000000000014.xml	2023-06-30 21:50:55.804778	51	EXECUTED	8:8504f165a6cbdff0b605605973ae6790	renameColumn newColumnName=field_name, oldColumnName=name, tableName=filter_field		\N	3.7.0	schema	\N	8136655094
3	roman.batygin@mail.ru	db/changelog/000000000014.xml	2023-06-30 21:50:55.808871	52	EXECUTED	8:a75fc5f71d76d3fb67a0c9128c8d5996	renameColumn newColumnName=template_name, oldColumnName=name, tableName=filter_template		\N	3.7.0	schema	\N	8136655094
1	roman.batygin@mail.ru	db/changelog/000000000015.xml	2023-06-30 21:50:55.813761	53	EXECUTED	8:6546dc0956b5949a772462a99ac9aab9	update tableName=filter_dictionary		\N	3.7.0	data	\N	8136655094
2	roman.batygin@mail.ru	db/changelog/000000000015.xml	2023-06-30 21:50:55.818167	54	EXECUTED	8:ab5c9cc1d72beb2e44ee102eca6b6b55	update tableName=filter_dictionary		\N	3.7.0	data	\N	8136655094
3	roman.batygin@mail.ru	db/changelog/000000000015.xml	2023-06-30 21:50:55.822985	55	EXECUTED	8:f95da3bfc5575cce793336df41d30e6b	update tableName=filter_dictionary		\N	3.7.0	data	\N	8136655094
4	roman.batygin@mail.ru	db/changelog/000000000015.xml	2023-06-30 21:50:55.827539	56	EXECUTED	8:074382fe776297ae4f5f96fdd05679f5	update tableName=filter_dictionary		\N	3.7.0	data	\N	8136655094
1	roman.batygin@mail.ru	db/changelog/000000000016.xml	2023-06-30 21:50:55.831417	57	EXECUTED	8:51142fb50acd45278dda7544cd60482c	delete tableName=filter_dictionary_value		\N	3.7.0	data	\N	8136655094
1	roman.batygin@mail.ru	db/changelog/000000000017.xml	2023-06-30 21:50:55.836289	58	EXECUTED	8:abdcd34834a28bbf5632006d64881392	addColumn tableName=filter_field		\N	3.7.0	data	\N	8136655094
2	roman.batygin@mail.ru	db/changelog/000000000017.xml	2023-06-30 21:50:55.842992	59	EXECUTED	8:7b88a3d3ee81531f4846f13156ca2a24	delete tableName=filter_field		\N	3.7.0	data	\N	8136655094
3	roman.batygin@mail.ru	db/changelog/000000000017.xml	2023-06-30 21:50:55.848652	60	EXECUTED	8:b80b9fa76682750b5d97baa2b7bdba95	update tableName=filter_field		\N	3.7.0	data	\N	8136655094
4	roman.batygin@mail.ru	db/changelog/000000000017.xml	2023-06-30 21:50:55.853449	61	EXECUTED	8:a3b545ef2d178eb697404031a285c970	delete tableName=filter_field		\N	3.7.0	data	\N	8136655094
5	roman.batygin@mail.ru	db/changelog/000000000017.xml	2023-06-30 21:50:55.857966	62	EXECUTED	8:5fe847c4c164d0ca305d2c705cd2d5a4	update tableName=filter_field		\N	3.7.0	data	\N	8136655094
6	roman.batygin@mail.ru	db/changelog/000000000017.xml	2023-06-30 21:50:55.862761	63	EXECUTED	8:04acb947037428b06155c8841d895d4e	delete tableName=filter_field		\N	3.7.0	data	\N	8136655094
7	roman.batygin@mail.ru	db/changelog/000000000017.xml	2023-06-30 21:50:55.867076	64	EXECUTED	8:5ad500efa84630b338b9ac717f7d24d8	update tableName=filter_field		\N	3.7.0	data	\N	8136655094
8	roman.batygin@mail.ru	db/changelog/000000000017.xml	2023-06-30 21:50:55.872668	65	EXECUTED	8:cb7854c01d1e5f177678316525f4cdec	delete tableName=filter_field		\N	3.7.0	data	\N	8136655094
9	roman.batygin@mail.ru	db/changelog/000000000017.xml	2023-06-30 21:50:55.881627	66	EXECUTED	8:257af86373844f6a235e833f7eebf7a3	update tableName=filter_field		\N	3.7.0	data	\N	8136655094
10	roman.batygin@mail.ru	db/changelog/000000000017.xml	2023-06-30 21:50:55.886808	67	EXECUTED	8:288f39a36cfc33ee2f0a32ba2cb33476	update tableName=filter_field		\N	3.7.0	data	\N	8136655094
1	roman.batygin@mail.ru	db/changelog/000000000018.xml	2023-06-30 21:50:55.892361	68	EXECUTED	8:e2b42de614dea7cd0a82df7f28a29105	update tableName=filter_dictionary_value		\N	3.7.0	data	\N	8136655094
2	roman.batygin@mail.ru	db/changelog/000000000018.xml	2023-06-30 21:50:55.903991	69	EXECUTED	8:7fcfac15e3965afe5cc1a0542aecd8dd	update tableName=filter_dictionary_value		\N	3.7.0	data	\N	8136655094
3	roman.batygin@mail.ru	db/changelog/000000000018.xml	2023-06-30 21:50:55.908843	70	EXECUTED	8:e63b9a770244b05d965a1c0e753ecc28	update tableName=filter_dictionary_value		\N	3.7.0	data	\N	8136655094
1	roman.batygin@mail.ru	db/changelog/000000000019.xml	2023-06-30 21:50:55.913611	71	EXECUTED	8:2e23eb40a0f7f2041b99c1724b9ea779	addColumn tableName=experiment		\N	3.7.0	schema	\N	8136655094
1	roman.batygin@mail.ru	db/changelog/000000000020.xml	2023-06-30 21:50:55.918354	72	EXECUTED	8:ccf505e1038412f151c95ecefedb30be	insert tableName=global_filter_field		\N	3.7.0	data	\N	8136655094
2	roman.batygin@mail.ru	db/changelog/000000000020.xml	2023-06-30 21:50:55.923089	73	EXECUTED	8:9ffc6c7350f166391032edd2ed9dee99	insert tableName=global_filter_field		\N	3.7.0	data	\N	8136655094
3	roman.batygin@mail.ru	db/changelog/000000000020.xml	2023-06-30 21:50:55.927903	74	EXECUTED	8:8c9ad521cc4bba97bba748d9b90809a0	insert tableName=global_filter_field		\N	3.7.0	data	\N	8136655094
4	roman.batygin@mail.ru	db/changelog/000000000020.xml	2023-06-30 21:50:55.932896	75	EXECUTED	8:18a203a01c23a29b2dc1a2eb6b361e44	insert tableName=global_filter_field		\N	3.7.0	data	\N	8136655094
5	roman.batygin@mail.ru	db/changelog/000000000020.xml	2023-06-30 21:50:55.937988	76	EXECUTED	8:71e63695cc4464c3799fbd9d4d413f48	insert tableName=global_filter_field		\N	3.7.0	data	\N	8136655094
6	roman.batygin@mail.ru	db/changelog/000000000020.xml	2023-06-30 21:50:55.942759	77	EXECUTED	8:f0255c264160a77d6ffc6a70ff27fe11	insert tableName=global_filter_field		\N	3.7.0	data	\N	8136655094
7	roman.batygin@mail.ru	db/changelog/000000000020.xml	2023-06-30 21:50:55.947566	78	EXECUTED	8:2289ce5093ba1e5eaf3f991e9d26e34e	insert tableName=global_filter_field		\N	3.7.0	data	\N	8136655094
1	roman.batygin@mail.ru	db/changelog/000000000021.xml	2023-06-30 21:50:55.955107	79	EXECUTED	8:e66bb2aa9607abc9ee00870ea8eda321	createTable tableName=classifier_info		\N	3.7.0	schema	\N	8136655094
2	roman.batygin@mail.ru	db/changelog/000000000021.xml	2023-06-30 21:50:55.960461	80	EXECUTED	8:236c975d984a44ffe10fff95f0f06ea7	addColumn tableName=classifier_input_options		\N	3.7.0	schema	\N	8136655094
3	roman.batygin@mail.ru	db/changelog/000000000021.xml	2023-06-30 21:50:55.965819	81	EXECUTED	8:c50cb812088334c3e6994ffa159bd211	addColumn tableName=evaluation_log		\N	3.7.0	schema	\N	8136655094
4	roman.batygin@mail.ru	db/changelog/000000000021.xml	2023-06-30 21:50:55.975658	82	EXECUTED	8:051392335ede73b5247d1afcc72df1dd	sqlFile		\N	3.7.0	\N	\N	8136655094
5	roman.batygin@mail.ru	db/changelog/000000000021.xml	2023-06-30 21:50:55.980276	83	EXECUTED	8:7435434ceb46a855b3eae4f2260be23f	dropColumn columnName=classifier_name, tableName=evaluation_log		\N	3.7.0	schema	\N	8136655094
6	roman.batygin@mail.ru	db/changelog/000000000021.xml	2023-06-30 21:50:55.984278	84	EXECUTED	8:92f7a7e63f4b90fcdaaa66c28579c066	dropColumn columnName=evaluation_log_id, tableName=classifier_input_options		\N	3.7.0	schema	\N	8136655094
7	roman.batygin@mail.ru	db/changelog/000000000021.xml	2023-06-30 21:50:55.988065	85	EXECUTED	8:ee19982180dfe24a963fc8a0f02c26ea	update tableName=filter_field		\N	3.7.0	data	\N	8136655094
8	roman.batygin@mail.ru	db/changelog/000000000021.xml	2023-06-30 21:50:55.992259	86	EXECUTED	8:28ae4df0e1ea5948d82179b8fb5c4789	update tableName=global_filter_field		\N	3.7.0	data	\N	8136655094
1	roman.batygin@mail.ru	db/changelog/000000000022.xml	2023-06-30 21:50:56.00157	87	EXECUTED	8:d2b7ec873b8d82e7db7e245546102776	createTable tableName=experiment_results		\N	3.7.0	schema	\N	8136655094
2	roman.batygin@mail.ru	db/changelog/000000000022.xml	2023-06-30 21:50:56.007894	88	EXECUTED	8:9c9f20170f73b3a8d5cd24352bacba41	addColumn tableName=experiment_results_request		\N	3.7.0	schema	\N	8136655094
1	roman.batygin@mail.ru	db/changelog/000000000023.xml	2023-06-30 21:50:56.013165	89	EXECUTED	8:521b1a41d60c27a8540e56218699357d	dropColumn columnName=experiment_id, tableName=experiment_results_request		\N	3.7.0	schema	\N	8136655094
2	roman.batygin@mail.ru	db/changelog/000000000023.xml	2023-06-30 21:50:56.017074	90	EXECUTED	8:206e17948f421e408b8469adf53a64ca	addNotNullConstraint columnName=experiment_results_id, tableName=experiment_results_request		\N	3.7.0	schema	\N	8136655094
3	roman.batygin@mail.ru	db/changelog/000000000023.xml	2023-06-30 21:50:56.021313	91	EXECUTED	8:bfc479c7b8443a6a63055110a4c17a79	addNotNullConstraint columnName=classifier_info_id, tableName=classifier_input_options		\N	3.7.0	schema	\N	8136655094
1	roman.batygin@mail.ru	db/changelog/v24-add-classifier-options-md5hash-column.xml	2023-06-30 21:50:56.025683	92	EXECUTED	8:438812a5744575c2ae3084a3ebe31697	addColumn tableName=classifier_options		\N	3.7.0	schema	\N	8136655094
1	roman.batygin@mail.ru	db/changelog/v25-drop-evaluation-options-table.xml	2023-06-30 21:50:56.029759	93	EXECUTED	8:baa91180b906c20222db49d0686d785e	addColumn tableName=evaluation_log		\N	3.7.0	schema	\N	8136655094
2	roman.batygin@mail.ru	db/changelog/v25-drop-evaluation-options-table.xml	2023-06-30 21:50:56.033597	94	EXECUTED	8:f2963aa57c4ffd8e30b10e150f9e3b2d	addColumn tableName=evaluation_log		\N	3.7.0	schema	\N	8136655094
3	roman.batygin@mail.ru	db/changelog/v25-drop-evaluation-options-table.xml	2023-06-30 21:50:56.037175	95	EXECUTED	8:211c9107f087aab465f3b503df8a44b2	addColumn tableName=evaluation_log		\N	3.7.0	schema	\N	8136655094
4	roman.batygin@mail.ru	db/changelog/v25-drop-evaluation-options-table.xml	2023-06-30 21:50:56.04327	96	EXECUTED	8:a19055fc0277c02f699c70087f42065f	sqlFile		\N	3.7.0	\N	\N	8136655094
5	roman.batygin@mail.ru	db/changelog/v25-drop-evaluation-options-table.xml	2023-06-30 21:50:56.047004	97	EXECUTED	8:179dd85c3344c375570cf77fc60b538f	dropTable tableName=evaluation_options		\N	3.7.0	schema	\N	8136655094
1	roman.batygin@mail.ru	db/changelog/v26-add-experiment-cross-validation-fields.xml	2023-06-30 21:50:56.050695	98	EXECUTED	8:6591890d7726015223eb841810c53c91	addColumn tableName=experiment		\N	3.7.0	schema	\N	8136655094
2	roman.batygin@mail.ru	db/changelog/v26-add-experiment-cross-validation-fields.xml	2023-06-30 21:50:56.05438	99	EXECUTED	8:537af2eca83741ce21b3c31d971ef7c2	addColumn tableName=experiment		\N	3.7.0	schema	\N	8136655094
3	roman.batygin@mail.ru	db/changelog/v26-add-experiment-cross-validation-fields.xml	2023-06-30 21:50:56.058001	100	EXECUTED	8:8a9fb6b5055be8902281e72994f360e6	addColumn tableName=experiment		\N	3.7.0	schema	\N	8136655094
4	roman.batygin@mail.ru	db/changelog/v26-add-experiment-cross-validation-fields.xml	2023-06-30 21:50:56.061935	101	EXECUTED	8:e2e6bf819ae37827dead9dc09fb1aa2b	update tableName=experiment		\N	3.7.0	data	\N	8136655094
5	roman.batygin@mail.ru	db/changelog/v26-add-experiment-cross-validation-fields.xml	2023-06-30 21:50:56.064725	102	EXECUTED	8:2759415287db06c6ed10d1524203fba8	update tableName=experiment		\N	3.7.0	data	\N	8136655094
6	roman.batygin@mail.ru	db/changelog/v26-add-experiment-cross-validation-fields.xml	2023-06-30 21:50:56.067856	103	EXECUTED	8:cfa327ee7e21929a29b464b60da26a17	update tableName=experiment		\N	3.7.0	data	\N	8136655094
7	roman.batygin@mail.ru	db/changelog/v26-add-experiment-cross-validation-fields.xml	2023-06-30 21:50:56.070721	104	EXECUTED	8:94a137cb6258320f98c3b5a0635e1eb9	update tableName=experiment		\N	3.7.0	data	\N	8136655094
8	roman.batygin@mail.ru	db/changelog/v26-add-experiment-cross-validation-fields.xml	2023-06-30 21:50:56.073886	105	EXECUTED	8:1ba8fe79f771df567baff344c56c07b5	update tableName=evaluation_log		\N	3.7.0	data	\N	8136655094
9	roman.batygin@mail.ru	db/changelog/v26-add-experiment-cross-validation-fields.xml	2023-06-30 21:50:56.0782	106	EXECUTED	8:d7a87ad38cb4b0dc43fbbc494f32f75a	update tableName=evaluation_log		\N	3.7.0	data	\N	8136655094
1	roman.batygin@mail.ru	db/changelog/v27-rename-evaluation-log-fields.xml	2023-06-30 21:50:56.086481	107	EXECUTED	8:34847ec4c6aa079c6c417d77b3e77ee0	renameColumn newColumnName=request_status, oldColumnName=evaluation_status, tableName=evaluation_log		\N	3.7.0	schema	\N	8136655094
2	roman.batygin@mail.ru	db/changelog/v27-rename-evaluation-log-fields.xml	2023-06-30 21:50:56.091594	108	EXECUTED	8:abed61a0618bd136ffef30d5e9389472	update tableName=filter_field		\N	3.7.0	data	\N	8136655094
3	roman.batygin@mail.ru	db/changelog/v27-rename-evaluation-log-fields.xml	2023-06-30 21:50:56.096268	109	EXECUTED	8:e9e8a277edcb58041a1b62db5fa7c794	update tableName=global_filter_field		\N	3.7.0	data	\N	8136655094
1	roman.batygin@mail.ru	db/changelog/v28-rename-experiment-fields.xml	2023-06-30 21:50:56.100119	110	EXECUTED	8:5a60451b24ecf91edacfb6f4342385c0	renameColumn newColumnName=request_status, oldColumnName=experiment_status, tableName=experiment		\N	3.7.0	schema	\N	8136655094
2	roman.batygin@mail.ru	db/changelog/v28-rename-experiment-fields.xml	2023-06-30 21:50:56.103584	111	EXECUTED	8:78749a05f67f3e8d04ef33dc99e280a3	renameColumn newColumnName=request_id, oldColumnName=uuid, tableName=experiment		\N	3.7.0	schema	\N	8136655094
3	roman.batygin@mail.ru	db/changelog/v28-rename-experiment-fields.xml	2023-06-30 21:50:56.106998	112	EXECUTED	8:8b1e2968f44d6db63dedd09fa7d7c702	update tableName=filter_field		\N	3.7.0	data	\N	8136655094
4	roman.batygin@mail.ru	db/changelog/v28-rename-experiment-fields.xml	2023-06-30 21:50:56.110379	113	EXECUTED	8:ba8e3b62c6450dc02db217a1bb3b7bbd	update tableName=global_filter_field		\N	3.7.0	data	\N	8136655094
5	roman.batygin@mail.ru	db/changelog/v28-rename-experiment-fields.xml	2023-06-30 21:50:56.113912	114	EXECUTED	8:782421e3a640ebb526c6ebc129033ae9	update tableName=filter_field		\N	3.7.0	data	\N	8136655094
6	roman.batygin@mail.ru	db/changelog/v28-rename-experiment-fields.xml	2023-06-30 21:50:56.117446	115	EXECUTED	8:095b199e44d898f3bc5004e7c19e927c	update tableName=global_filter_field		\N	3.7.0	data	\N	8136655094
1	roman.batygin@mail.ru	db/changelog/v29-create-classifiers-configuration-table.xml	2023-06-30 21:50:56.124402	116	EXECUTED	8:f74fc81d7418dc260222de55899b6809	createTable tableName=classifiers_configuration		\N	3.7.0	schema	\N	8136655094
2	roman.batygin@mail.ru	db/changelog/v29-create-classifiers-configuration-table.xml	2023-06-30 21:50:56.127326	117	EXECUTED	8:27d74434eae3c976aa38a8a1f3976461	delete tableName=classifier_options		\N	3.7.0	schema	\N	8136655094
3	roman.batygin@mail.ru	db/changelog/v29-create-classifiers-configuration-table.xml	2023-06-30 21:50:56.130932	118	EXECUTED	8:b72cfa1554ba21b1622c247663205b56	dropColumn columnName=version, tableName=classifier_options		\N	3.7.0	schema	\N	8136655094
4	roman.batygin@mail.ru	db/changelog/v29-create-classifiers-configuration-table.xml	2023-06-30 21:50:56.13623	119	EXECUTED	8:95467230ec0dc1b7ee6abc57d2cb7237	addColumn tableName=classifier_options		\N	3.7.0	schema	\N	8136655094
1	roman.batygin@mail.ru	db/changelog/v30-add-classifiers-configuration-global-filter-fields.xml	2023-06-30 21:50:56.141267	120	EXECUTED	8:0df4e24791b98208835ab407a6dedc7d	insert tableName=global_filter_template		\N	3.7.0	data	\N	8136655094
2	roman.batygin@mail.ru	db/changelog/v30-add-classifiers-configuration-global-filter-fields.xml	2023-06-30 21:50:56.147894	121	EXECUTED	8:5d56510952bee49c8ad96965fa109aea	insert tableName=global_filter_field		\N	3.7.0	data	\N	8136655094
1	roman.batygin@mail.ru	db/changelog/v31-drop-email-request-table.xml	2023-06-30 21:50:56.153543	122	EXECUTED	8:33c5a4c999ec460b79b143c42dfd2f92	dropTable tableName=email_request		\N	3.7.0	schema	\N	8136655094
1	roman.batygin@mail.ru	db/changelog/v32-delete-ers-response-statuses.xml	2023-06-30 21:50:56.160618	123	EXECUTED	8:a8882c76f7ef8b05145917b6b84c474a	delete tableName=filter_dictionary_value		\N	3.7.0	data	\N	8136655094
2	roman.batygin@mail.ru	db/changelog/v32-delete-ers-response-statuses.xml	2023-06-30 21:50:56.166481	124	EXECUTED	8:33f982a04ff01e91abe427c4791dfff4	delete tableName=filter_dictionary_value		\N	3.7.0	data	\N	8136655094
1	roman.batygin@mail.ru	db/changelog/v33-add-classifiers-configuration-created-by-column.xml	2023-06-30 21:50:56.173199	125	EXECUTED	8:2f9cb615a74f414bff0d7490ca82c7d6	renameColumn newColumnName=creation_date, oldColumnName=created, tableName=classifiers_configuration		\N	3.7.0	schema	\N	8136655094
2	roman.batygin@mail.ru	db/changelog/v33-add-classifiers-configuration-created-by-column.xml	2023-06-30 21:50:56.178573	126	EXECUTED	8:66cb78939155ef0c8c9a1dd4503b1cef	addColumn tableName=classifier_options		\N	3.7.0	schema	\N	8136655094
3	roman.batygin@mail.ru	db/changelog/v33-add-classifiers-configuration-created-by-column.xml	2023-06-30 21:50:56.187076	127	EXECUTED	8:1f93e9814375a943b477f28ecb3ecd68	addColumn tableName=classifiers_configuration		\N	3.7.0	schema	\N	8136655094
1	roman.batygin@mail.ru	db/changelog/v34-add-classifiers-configuration-created-by-global-filter.xml	2023-06-30 21:50:56.191491	128	EXECUTED	8:38aacc7a83e02e62b423e332d5f22832	insert tableName=global_filter_field		\N	3.7.0	data	\N	8136655094
1	roman.batygin@mail.ru	db/changelog/v35-create-lock-table.xml	2023-06-30 21:50:56.207854	129	EXECUTED	8:d577b56d1c7a5547de45986d2ddfb20f	createTable tableName=lock; addUniqueConstraint constraintName=lock_name_key_unique_idx, tableName=lock		\N	3.7.0	schema	\N	8136655094
1	roman.batygin@mail.ru	db/changelog/v36-create-app-instance-table.xml	2023-06-30 21:50:56.218655	130	EXECUTED	8:c5915718d4e1628705991c28d6e70acb	createTable tableName=app_instance; addUniqueConstraint constraintName=instance_name_unique_idx, tableName=app_instance		\N	3.7.0	schema	\N	8136655094
2	roman.batygin@mail.ru	db/changelog/v36-create-app-instance-table.xml	2023-06-30 21:50:56.224298	131	EXECUTED	8:e5d52f2912fddbcca11b8808f0500ee7	addColumn tableName=experiment		\N	3.7.0	schema	\N	8136655094
3	roman.batygin@mail.ru	db/changelog/v36-create-app-instance-table.xml	2023-06-30 21:50:56.230763	132	EXECUTED	8:63ffa28dd38eb5672a1bbfe5e2289641	addColumn tableName=evaluation_log		\N	3.7.0	schema	\N	8136655094
4	roman.batygin@mail.ru	db/changelog/v36-create-app-instance-table.xml	2023-06-30 21:50:56.236912	133	EXECUTED	8:8cfae3cd1f628fac0442ac47ee2b9905	addColumn tableName=classifier_options_request_model		\N	3.7.0	schema	\N	8136655094
1	roman.batygin@mail.ru	db/changelog/v37-create-experiment-progress-table.xml	2023-06-30 21:50:56.247221	134	EXECUTED	8:480d8281b39e68330d07645e88ccc87e	createTable tableName=experiment_progress		\N	3.7.0	schema	\N	8136655094
1	roman.batygin@mail.ru	db/changelog/v38-add-experiment-class-index-column.xml	2023-06-30 21:50:56.254465	135	EXECUTED	8:2aa8739188df16d3fe7e941a1bf0ffc5	addColumn tableName=experiment		\N	3.7.0	schema	\N	8136655094
1	roman.batygin@mail.ru	db/changelog/v39-insert-in-progress-request-status.xml	2023-06-30 21:50:56.257961	136	EXECUTED	8:76957cf69d0b52997e6a85278b773061	insert tableName=filter_dictionary_value		\N	3.7.0	data	\N	8136655094
2	roman.batygin@email.ru	db/changelog/v40-add-not-null-constraints.xml	2023-06-30 21:50:56.264049	137	EXECUTED	8:ce3cee988923dcfb6b72a043f93532cc	addNotNullConstraint columnName=classifier_name, tableName=classifier_info		\N	3.7.0	schema	\N	8136655094
3	roman.batygin@email.ru	db/changelog/v40-add-not-null-constraints.xml	2023-06-30 21:50:56.269939	138	EXECUTED	8:8ca7bb42cc8303ac1d3a7da038b7da15	addNotNullConstraint columnName=option_name, tableName=classifier_input_options		\N	3.7.0	schema	\N	8136655094
4	roman.batygin@email.ru	db/changelog/v40-add-not-null-constraints.xml	2023-06-30 21:50:56.274697	139	EXECUTED	8:2cc32811b7a507f670a1998585b9f58b	addNotNullConstraint columnName=option_order, tableName=classifier_input_options		\N	3.7.0	schema	\N	8136655094
5	roman.batygin@email.ru	db/changelog/v40-add-not-null-constraints.xml	2023-06-30 21:50:56.279579	140	EXECUTED	8:c784cd6ffbf8e90eb8f5ff69b16b3347	addNotNullConstraint columnName=configuration_name, tableName=classifiers_configuration		\N	3.7.0	schema	\N	8136655094
6	roman.batygin@email.ru	db/changelog/v40-add-not-null-constraints.xml	2023-06-30 21:50:56.284558	141	EXECUTED	8:4e8041fa46650085f54ed365b9e18e30	addNotNullConstraint columnName=creation_date, tableName=classifiers_configuration		\N	3.7.0	schema	\N	8136655094
7	roman.batygin@email.ru	db/changelog/v40-add-not-null-constraints.xml	2023-06-30 21:50:56.288704	142	EXECUTED	8:44fe7014bc8ad8c902b6cc207cce9e5f	addNotNullConstraint columnName=options_name, tableName=classifier_options		\N	3.7.0	schema	\N	8136655094
8	roman.batygin@email.ru	db/changelog/v40-add-not-null-constraints.xml	2023-06-30 21:50:56.293883	143	EXECUTED	8:9f5d9fd00c4200d8b51ac420e8faa613	addNotNullConstraint columnName=config, tableName=classifier_options		\N	3.7.0	schema	\N	8136655094
9	roman.batygin@email.ru	db/changelog/v40-add-not-null-constraints.xml	2023-06-30 21:50:56.297879	144	EXECUTED	8:554a81aeed16a2655e7617a5542a3f8a	addNotNullConstraint columnName=config_md5_hash, tableName=classifier_options		\N	3.7.0	schema	\N	8136655094
10	roman.batygin@email.ru	db/changelog/v40-add-not-null-constraints.xml	2023-06-30 21:50:56.301727	145	EXECUTED	8:ea9e4dfaf6c7ac0f589d0af5dfe20e8f	addNotNullConstraint columnName=creation_date, tableName=classifier_options		\N	3.7.0	schema	\N	8136655094
11	roman.batygin@email.ru	db/changelog/v40-add-not-null-constraints.xml	2023-06-30 21:50:56.305538	146	EXECUTED	8:779afc17e73e51296691830cc728c625	addNotNullConstraint columnName=relation_name, tableName=instances_info		\N	3.7.0	schema	\N	8136655094
12	roman.batygin@email.ru	db/changelog/v40-add-not-null-constraints.xml	2023-06-30 21:50:56.309516	147	EXECUTED	8:066bd4ef0543d2f4ec43933cace683fb	addNotNullConstraint columnName=num_instances, tableName=instances_info		\N	3.7.0	schema	\N	8136655094
13	roman.batygin@email.ru	db/changelog/v40-add-not-null-constraints.xml	2023-06-30 21:50:56.313678	148	EXECUTED	8:0402fe9d72144c8798a1752ceec14adf	addNotNullConstraint columnName=num_attributes, tableName=instances_info		\N	3.7.0	schema	\N	8136655094
14	roman.batygin@email.ru	db/changelog/v40-add-not-null-constraints.xml	2023-06-30 21:50:56.317786	149	EXECUTED	8:3f28827378dbf3355580fe9590d7cc0b	addNotNullConstraint columnName=num_classes, tableName=instances_info		\N	3.7.0	schema	\N	8136655094
15	roman.batygin@email.ru	db/changelog/v40-add-not-null-constraints.xml	2023-06-30 21:50:56.322283	150	EXECUTED	8:b821287c8537f92a10dc5d692eeb38f6	addNotNullConstraint columnName=class_name, tableName=instances_info		\N	3.7.0	schema	\N	8136655094
16	roman.batygin@email.ru	db/changelog/v40-add-not-null-constraints.xml	2023-06-30 21:50:56.326754	151	EXECUTED	8:d956b6c37fe96f949529201c9440d122	addNotNullConstraint columnName=filter_name, tableName=global_filter_template		\N	3.7.0	schema	\N	8136655094
17	roman.batygin@email.ru	db/changelog/v40-add-not-null-constraints.xml	2023-06-30 21:50:56.3312	152	EXECUTED	8:b9bb9bb3bb622c4891b1ef725574ad3e	addNotNullConstraint columnName=template_type, tableName=global_filter_template		\N	3.7.0	schema	\N	8136655094
18	roman.batygin@email.ru	db/changelog/v40-add-not-null-constraints.xml	2023-06-30 21:50:56.335329	153	EXECUTED	8:d7892635f243856d4c9eef74a92da0d5	addNotNullConstraint columnName=field_name, tableName=global_filter_field		\N	3.7.0	schema	\N	8136655094
19	roman.batygin@email.ru	db/changelog/v40-add-not-null-constraints.xml	2023-06-30 21:50:56.339007	154	EXECUTED	8:ec49b1dab71d60809abf1db151e28ac9	addNotNullConstraint columnName=template_type, tableName=filter_template		\N	3.7.0	schema	\N	8136655094
20	roman.batygin@email.ru	db/changelog/v40-add-not-null-constraints.xml	2023-06-30 21:50:56.343209	155	EXECUTED	8:8e55803d40801e80479074936669ce35	addNotNullConstraint columnName=template_name, tableName=filter_template		\N	3.7.0	schema	\N	8136655094
21	roman.batygin@email.ru	db/changelog/v40-add-not-null-constraints.xml	2023-06-30 21:50:56.347464	156	EXECUTED	8:170fb77a300c17f09df4a99e69737661	addNotNullConstraint columnName=created, tableName=filter_template		\N	3.7.0	schema	\N	8136655094
22	roman.batygin@email.ru	db/changelog/v40-add-not-null-constraints.xml	2023-06-30 21:50:56.351441	157	EXECUTED	8:36648a2c13ee2819309d7065eda5dedd	addNotNullConstraint columnName=name, tableName=filter_dictionary		\N	3.7.0	schema	\N	8136655094
23	roman.batygin@email.ru	db/changelog/v40-add-not-null-constraints.xml	2023-06-30 21:50:56.360862	158	EXECUTED	8:0c4da96cae90838262077df0c88e28e5	addNotNullConstraint columnName=label, tableName=filter_dictionary_value		\N	3.7.0	schema	\N	8136655094
24	roman.batygin@email.ru	db/changelog/v40-add-not-null-constraints.xml	2023-06-30 21:50:56.365882	159	EXECUTED	8:de52521365c97a66a6ca4ef487734d62	addNotNullConstraint columnName=value, tableName=filter_dictionary_value		\N	3.7.0	schema	\N	8136655094
25	roman.batygin@email.ru	db/changelog/v40-add-not-null-constraints.xml	2023-06-30 21:50:56.370545	160	EXECUTED	8:ccbe34ea217dff699560dab8b7890fd4	addNotNullConstraint columnName=field_name, tableName=filter_field		\N	3.7.0	schema	\N	8136655094
26	roman.batygin@email.ru	db/changelog/v40-add-not-null-constraints.xml	2023-06-30 21:50:56.374863	161	EXECUTED	8:68bf20e6c637fbb1732c412c7efa3832	addNotNullConstraint columnName=description, tableName=filter_field		\N	3.7.0	schema	\N	8136655094
27	roman.batygin@email.ru	db/changelog/v40-add-not-null-constraints.xml	2023-06-30 21:50:56.37933	162	EXECUTED	8:b5663fa463100f171256b986f206d1a2	addNotNullConstraint columnName=filter_field_type, tableName=filter_field		\N	3.7.0	schema	\N	8136655094
28	roman.batygin@email.ru	db/changelog/v40-add-not-null-constraints.xml	2023-06-30 21:50:56.38311	163	EXECUTED	8:f33aa834b0a26e3e0906885a1d2490ce	addNotNullConstraint columnName=match_mode, tableName=filter_field		\N	3.7.0	schema	\N	8136655094
29	roman.batygin@email.ru	db/changelog/v40-add-not-null-constraints.xml	2023-06-30 21:50:56.387225	164	EXECUTED	8:17a4b37127ab680cbcf2871dab7ba511	addNotNullConstraint columnName=request_id, tableName=evaluation_log		\N	3.7.0	schema	\N	8136655094
30	roman.batygin@email.ru	db/changelog/v40-add-not-null-constraints.xml	2023-06-30 21:50:56.392159	165	EXECUTED	8:82e276ad515c20eebdf40c18f812222e	addNotNullConstraint columnName=creation_date, tableName=evaluation_log		\N	3.7.0	schema	\N	8136655094
31	roman.batygin@email.ru	db/changelog/v40-add-not-null-constraints.xml	2023-06-30 21:50:56.397278	166	EXECUTED	8:a21b5657a25ff4b52cac8d963e29ada5	addNotNullConstraint columnName=request_status, tableName=evaluation_log		\N	3.7.0	schema	\N	8136655094
32	roman.batygin@email.ru	db/changelog/v40-add-not-null-constraints.xml	2023-06-30 21:50:56.405026	167	EXECUTED	8:217896eeed5e07522bd3d58655bcdd03	addNotNullConstraint columnName=evaluation_method, tableName=evaluation_log		\N	3.7.0	schema	\N	8136655094
33	roman.batygin@email.ru	db/changelog/v40-add-not-null-constraints.xml	2023-06-30 21:50:56.410307	168	EXECUTED	8:551c40995254a0d060585e99e1234a65	addNotNullConstraint columnName=instances_info_id, tableName=evaluation_log		\N	3.7.0	schema	\N	8136655094
34	roman.batygin@email.ru	db/changelog/v40-add-not-null-constraints.xml	2023-06-30 21:50:56.415332	169	EXECUTED	8:575e4ad537f61c104ff9b149b3c465a6	addNotNullConstraint columnName=classifier_info_id, tableName=evaluation_log		\N	3.7.0	schema	\N	8136655094
35	roman.batygin@email.ru	db/changelog/v40-add-not-null-constraints.xml	2023-06-30 21:50:56.420445	170	EXECUTED	8:5b515bf4663d246531eb337f7a2c11b0	addNotNullConstraint columnName=request_id, tableName=experiment		\N	3.7.0	schema	\N	8136655094
36	roman.batygin@email.ru	db/changelog/v40-add-not-null-constraints.xml	2023-06-30 21:50:56.424895	171	EXECUTED	8:782ba962bad7abf0c2f7247b0c20d91f	addNotNullConstraint columnName=creation_date, tableName=experiment		\N	3.7.0	schema	\N	8136655094
37	roman.batygin@email.ru	db/changelog/v40-add-not-null-constraints.xml	2023-06-30 21:50:56.428768	172	EXECUTED	8:205683f275fd45b53b92fb497e07cfa3	addNotNullConstraint columnName=request_status, tableName=experiment		\N	3.7.0	schema	\N	8136655094
38	roman.batygin@email.ru	db/changelog/v40-add-not-null-constraints.xml	2023-06-30 21:50:56.433701	173	EXECUTED	8:24a7ff1c98897694036f590677046853	addNotNullConstraint columnName=evaluation_method, tableName=experiment		\N	3.7.0	schema	\N	8136655094
39	roman.batygin@email.ru	db/changelog/v40-add-not-null-constraints.xml	2023-06-30 21:50:56.441488	174	EXECUTED	8:f11a9cfbc17fcb9f509f3bca42db8d53	addNotNullConstraint columnName=experiment_type, tableName=experiment		\N	3.7.0	schema	\N	8136655094
40	roman.batygin@email.ru	db/changelog/v40-add-not-null-constraints.xml	2023-06-30 21:50:56.447242	175	EXECUTED	8:e30e1b985e0701e09d14ae9a6f7d6e9a	addNotNullConstraint columnName=first_name, tableName=experiment		\N	3.7.0	schema	\N	8136655094
41	roman.batygin@email.ru	db/changelog/v40-add-not-null-constraints.xml	2023-06-30 21:50:56.45259	176	EXECUTED	8:93c72dfc4e87ec728dac7bb23f5bb257	addNotNullConstraint columnName=email, tableName=experiment		\N	3.7.0	schema	\N	8136655094
42	roman.batygin@email.ru	db/changelog/v40-add-not-null-constraints.xml	2023-06-30 21:50:56.457991	177	EXECUTED	8:0f6d7dc4404b25cbe5c0c0b25c8a0398	addNotNullConstraint columnName=results_index, tableName=experiment_results		\N	3.7.0	schema	\N	8136655094
43	roman.batygin@email.ru	db/changelog/v40-add-not-null-constraints.xml	2023-06-30 21:50:56.463768	178	EXECUTED	8:ef3cf2f52c34e022082fc8a7df0400e8	addNotNullConstraint columnName=classifier_info_id, tableName=experiment_results		\N	3.7.0	schema	\N	8136655094
1	roman.batygin@mail.ru	db/changelog/v41-drop-lock-table.xml	2023-06-30 21:50:56.469882	179	EXECUTED	8:77aaf109680588ebaf38ac8b220cc3a4	dropTable tableName=lock		\N	3.7.0	schema	\N	8136655094
create_audit_group_table	roman.batygin@mail.ru	classpath:db/../audit-changelog.xml	2023-06-30 21:50:56.478659	180	EXECUTED	8:112e0769f50b6016ed2ef835793f4bf0	createTable tableName=audit_group		\N	3.7.0	schema	\N	8136655094
create_audit_code_table	roman.batygin@mail.ru	classpath:db/../audit-changelog.xml	2023-06-30 21:50:56.488852	181	EXECUTED	8:904288ce7cefab647509b310c5715a82	createTable tableName=audit_code		\N	3.7.0	schema	\N	8136655094
create_audit_event_template_table	roman.batygin@mail.ru	classpath:db/../audit-changelog.xml	2023-06-30 21:50:56.5038	182	EXECUTED	8:f44dbaff8192c97b691c220bf0fa9181	createTable tableName=audit_event_template		\N	3.7.0	schema	\N	8136655094
add_audit_event_template_code_id_event_type_unique_index	roman.batygin@mail.ru	classpath:db/../audit-changelog.xml	2023-06-30 21:50:56.512998	183	EXECUTED	8:70743a754f4bb16fff3ecd33d25acae3	addUniqueConstraint constraintName=audit_event_template_code_id_event_type_unique_index, tableName=audit_event_template		\N	3.7.0	schema	\N	8136655094
create_audit_event_request_table	roman.batygin@mail.ru	classpath:db/../audit-changelog.xml	2023-06-30 21:50:56.52548	184	EXECUTED	8:950918154a4b4a51c4549de8ec9f8427	createTable tableName=audit_event_request		\N	3.7.0	schema	\N	8136655094
add_correlation_id_column_in_audit_event_request_table	roman.batygin@mail.ru	classpath:db/../audit-changelog.xml	2023-06-30 21:50:56.530953	185	EXECUTED	8:9dc73daf828a4cdf30ed23fd5899321d	addColumn tableName=audit_event_request		\N	3.7.0	schema	\N	8136655094
drop_audit_event_request_table	roman.batygin@mail.ru	classpath:db/../audit-changelog.xml	2023-06-30 21:50:56.5355	186	EXECUTED	8:9e3dfc52bdb8f4eac4a39d460d561000	dropTable tableName=audit_event_request		\N	3.7.0	schema	\N	8136655094
create_retry_request_table	roman.batygin@mail.ru	classpath:db/../redelivery-changelog.xml	2023-06-30 21:50:56.549034	187	EXECUTED	8:f83ceeb7d4537c55a66b655ec31e6bb8	createTable tableName=retry_request		\N	3.7.0	schema	\N	8136655094
add_retry_at_column_in_retry_request_table	roman.batygin@mail.ru	classpath:db/../redelivery-changelog.xml	2023-06-30 21:50:56.55457	188	EXECUTED	8:5e9a79b47863935b83b6d3a644b656b8	addColumn tableName=retry_request		\N	3.7.0	schema	\N	8136655094
insert_audit_groups_2	roman.batygin@mail.ru	db/changelog/v42-insert-audit-codes-and-events.xml	2023-06-30 21:50:56.953381	189	EXECUTED	8:fcf2ebe1e707973261dbdd4cf7ec7744	loadUpdateData tableName=audit_group		\N	3.7.0	data	\N	8136655094
insert_audit_codes_3	roman.batygin@mail.ru	db/changelog/v42-insert-audit-codes-and-events.xml	2023-06-30 21:50:57.310185	190	EXECUTED	8:477d275b5256d02690950ca45d8f0839	loadUpdateData tableName=audit_code		\N	3.7.0	data	\N	8136655094
insert_audit_event_templates_8	roman.batygin@mail.ru	db/changelog/v42-insert-audit-codes-and-events.xml	2023-06-30 21:50:57.67939	191	EXECUTED	8:b087ff4c2a7959304ff22269d50a4c23	loadUpdateData tableName=audit_event_template		\N	3.7.0	data	\N	8136655094
create_global_filter_template	roman.batygin@mail.ru	classpath:db/../filter-template-changelog.xml	2023-06-30 21:50:57.68214	192	MARK_RAN	8:cda8ce64a6a0ed0b153fc32329a6bbc6	createTable tableName=global_filter_template		\N	3.7.0	schema	\N	8136655094
create_global_filter_field	roman.batygin@mail.ru	classpath:db/../filter-template-changelog.xml	2023-06-30 21:50:57.685724	193	MARK_RAN	8:208fa1a1dea8d771abc9ff8cbadf633a	createTable tableName=global_filter_field		\N	3.7.0	schema	\N	8136655094
create_filter_template	roman.batygin@mail.ru	classpath:db/../filter-template-changelog.xml	2023-06-30 21:50:57.688475	194	MARK_RAN	8:eef92c0687a1a6dd158fd71ff3837ce3	createTable tableName=filter_template		\N	3.7.0	schema	\N	8136655094
create_filter_dictionary	roman.batygin@mail.ru	classpath:db/../filter-template-changelog.xml	2023-06-30 21:50:57.691555	195	MARK_RAN	8:c70f4717adc271d0d4c4c6d6450884e8	createTable tableName=filter_dictionary		\N	3.7.0	schema	\N	8136655094
create_filter_field	roman.batygin@mail.ru	classpath:db/../filter-template-changelog.xml	2023-06-30 21:50:57.695172	196	MARK_RAN	8:3b2b63d3773cd2af170a833724b21ca6	createTable tableName=filter_field		\N	3.7.0	schema	\N	8136655094
create_filter_dictionary_value	roman.batygin@mail.ru	classpath:db/../filter-template-changelog.xml	2023-06-30 21:50:57.69885	197	MARK_RAN	8:d6f60bac76ab39d3dd5dbb02834e7cb3	createTable tableName=filter_dictionary_value		\N	3.7.0	schema	\N	8136655094
1	roman.batygin@mail.ru	db/changelog/v43-add-classifiers-configuration-id-global-filter.xml	2023-06-30 21:50:57.703183	198	EXECUTED	8:9fd75667c956f6290478fd54f526041c	insert tableName=global_filter_field		\N	3.7.0	data	\N	8136655094
1	roman.batygin@mail.ru	db/changelog/v44-drop-app-instance-table.xml	2023-06-30 21:50:57.707961	199	EXECUTED	8:4c155a39881839257fcc33e45f0b888f	dropColumn columnName=app_instance_id, tableName=evaluation_log		\N	3.7.0	schema	\N	8136655094
2	roman.batygin@mail.ru	db/changelog/v44-drop-app-instance-table.xml	2023-06-30 21:50:57.713168	200	EXECUTED	8:7b855592f56d3668795cc52e5918c877	dropColumn columnName=app_instance_id, tableName=experiment		\N	3.7.0	schema	\N	8136655094
3	roman.batygin@mail.ru	db/changelog/v44-drop-app-instance-table.xml	2023-06-30 21:50:57.722937	201	EXECUTED	8:f40aaf29143b923e0fe3a1a41efeb3e8	dropColumn columnName=app_instance_id, tableName=classifier_options_request_model		\N	3.7.0	schema	\N	8136655094
4	roman.batygin@mail.ru	db/changelog/v44-drop-app-instance-table.xml	2023-06-30 21:50:57.726939	202	EXECUTED	8:245348623bed4119c5384dbf5202f945	dropTable tableName=app_instance		\N	3.7.0	schema	\N	8136655094
1	roman.batygin@mail.ru	db/changelog/v45-add-channel-type-column.xml	2023-06-30 21:50:57.731039	203	EXECUTED	8:ce9853410a4d20b8ca76aec6e9f946be	addColumn tableName=experiment; addNotNullConstraint columnName=channel_type, tableName=experiment		\N	3.7.0	schema	\N	8136655094
2	roman.batygin@mail.ru	db/changelog/v45-add-channel-type-column.xml	2023-06-30 21:50:57.734416	204	EXECUTED	8:70c1df88973008fda6e9fee60b9e8e3d	addColumn tableName=experiment		\N	3.7.0	schema	\N	8136655094
3	roman.batygin@mail.ru	db/changelog/v45-add-channel-type-column.xml	2023-06-30 21:50:57.738045	205	EXECUTED	8:75aa74bc4f3c947ce71553836108e0b5	addColumn tableName=experiment		\N	3.7.0	schema	\N	8136655094
create_email_request_table	roman.batygin@mail.ru	classpath:db/../mail-client-changelog.xml	2023-06-30 21:50:57.746657	206	EXECUTED	8:e24d5e5a0e951172d40d18fbf6f09f33	createTable tableName=email_request		\N	3.7.0	schema	\N	8136655094
add_tx_id_column_to_email_request_table	roman.batygin@mail.ru	classpath:db/../mail-client-changelog.xml	2023-06-30 21:50:57.751	207	EXECUTED	8:9706f6c02927601dd101b526befee487	addColumn tableName=email_request		\N	3.7.0	schema	\N	8136655094
drop_email_request_table	roman.batygin@mail.ru	classpath:db/../mail-client-changelog.xml	2023-06-30 21:50:57.754484	208	EXECUTED	8:33c5a4c999ec460b79b143c42dfd2f92	dropTable tableName=email_request		\N	3.7.0	schema	\N	8136655094
1	roman.batygin@mail.ru	db/changelog/v46-drop-experiment-sent-date-column.xml	2023-06-30 21:50:57.758332	209	EXECUTED	8:ade9affe2ece46ec224bf44a875a9004	dropColumn columnName=sent_date, tableName=experiment		\N	3.7.0	schema	\N	8136655094
2	roman.batygin@mail.ru	db/changelog/v46-drop-experiment-sent-date-column.xml	2023-06-30 21:50:57.761535	210	EXECUTED	8:ec0ed97f69f0a4bfbf4a306e0acfc876	delete tableName=filter_field		\N	3.7.0	data	\N	8136655094
1	roman.batygin@mail.ru	db/changelog/v47-create-ers-retry-request-table.xml	2023-06-30 21:50:57.770782	211	EXECUTED	8:35caedcc60737642f6a027ec0e616b5a	createTable tableName=ers_retry_request		\N	3.7.0	schema	\N	8136655094
1	roman.batygin@mail.ru	db/changelog/v48-drop-ers-retry-request-table.xml	2023-06-30 21:50:57.775389	212	EXECUTED	8:1abda24ab898fdc2a46dee5723b5632b	dropTable tableName=ers_retry_request		\N	3.7.0	schema	\N	8136655094
1	roman.batygin@mail.ru	db/changelog/v49-add-request-id-unique-idx.xml	2023-06-30 21:50:57.780523	213	EXECUTED	8:5e00c1c8f334e570db4764bee8358cd4	addNotNullConstraint columnName=request_id, tableName=ers_request		\N	3.7.0	schema	\N	8136655094
2	roman.batygin@mail.ru	db/changelog/v49-add-request-id-unique-idx.xml	2023-06-30 21:50:57.7862	214	EXECUTED	8:f72cbb9c96759bbb2236adcbeb222b63	addUniqueConstraint constraintName=ers_request_id_unique_idx, tableName=ers_request		\N	3.7.0	schema	\N	8136655094
3	roman.batygin@mail.ru	db/changelog/v49-add-request-id-unique-idx.xml	2023-06-30 21:50:57.790073	215	EXECUTED	8:733356c0e31f5ab05101178bdff011e6	addNotNullConstraint columnName=response_status, tableName=ers_request		\N	3.7.0	schema	\N	8136655094
4	roman.batygin@mail.ru	db/changelog/v49-add-request-id-unique-idx.xml	2023-06-30 21:50:57.796103	216	EXECUTED	8:6ffe59320ec0da0340f59ea0ce998f67	addUniqueConstraint constraintName=evaluation_log_request_id_unique_idx, tableName=evaluation_log		\N	3.7.0	schema	\N	8136655094
5	roman.batygin@mail.ru	db/changelog/v49-add-request-id-unique-idx.xml	2023-06-30 21:50:57.801541	217	EXECUTED	8:b89efa1463f569a41bf5dd0e503bf60e	addUniqueConstraint constraintName=experiment_results_request_experiment_results_id_unique_idx, tableName=experiment_results_request		\N	3.7.0	schema	\N	8136655094
6	roman.batygin@mail.ru	db/changelog/v49-add-request-id-unique-idx.xml	2023-06-30 21:50:57.807	218	EXECUTED	8:a11416e915dd8aeda77b9c3806413b1b	addUniqueConstraint constraintName=evaluation_results_request_evaluation_log_id_unique_idx, tableName=evaluation_results_request		\N	3.7.0	schema	\N	8136655094
create_form_templates_group	roman.batygin@mail.ru	classpath:db/../form-template-changelog.xml	2023-06-30 21:50:57.814597	219	EXECUTED	8:ee9e27e1c05c092bace5a3c98f7525fa	createTable tableName=form_template_group		\N	3.7.0	schema	\N	8136655094
add_form_template_group_name_unique_index	roman.batygin@mail.ru	classpath:db/../form-template-changelog.xml	2023-06-30 21:50:57.82023	220	EXECUTED	8:8d17b3a2c929db877bb81c7c431e2ccc	addUniqueConstraint constraintName=form_template_group_name_unique_idx, tableName=form_template_group		\N	3.7.0	schema	\N	8136655094
create_form_template	roman.batygin@mail.ru	classpath:db/../form-template-changelog.xml	2023-06-30 21:50:57.828677	221	EXECUTED	8:457b3f05a8e8d85e334d6672cb5f173b	createTable tableName=form_template		\N	3.7.0	schema	\N	8136655094
add_form_template_name_unique_index	roman.batygin@mail.ru	classpath:db/../form-template-changelog.xml	2023-06-30 21:50:57.833934	222	EXECUTED	8:ccd41908c89571021aa6fa91a43fb07a	addUniqueConstraint constraintName=form_template_name_unique_idx, tableName=form_template		\N	3.7.0	schema	\N	8136655094
create_form_field_dictionary	roman.batygin@mail.ru	classpath:db/../form-template-changelog.xml	2023-06-30 21:50:57.842272	223	EXECUTED	8:495c94a4402a6771eb2f9735f0b6b72b	createTable tableName=form_field_dictionary		\N	3.7.0	schema	\N	8136655094
create_form_field	roman.batygin@mail.ru	classpath:db/../form-template-changelog.xml	2023-06-30 21:50:57.855995	224	EXECUTED	8:104743947c60a071c0111318a9fc978a	createTable tableName=form_field		\N	3.7.0	schema	\N	8136655094
add_form_field_name_template_id_unique_index	roman.batygin@mail.ru	classpath:db/../form-template-changelog.xml	2023-06-30 21:50:57.863891	225	EXECUTED	8:be6f082666ad5eb52274e0fc39c26c0d	addUniqueConstraint constraintName=form_field_name_template_id_unique_idx, tableName=form_field		\N	3.7.0	schema	\N	8136655094
create_form_field_dictionary_value	roman.batygin@mail.ru	classpath:db/../form-template-changelog.xml	2023-06-30 21:50:57.877302	226	EXECUTED	8:73fd4128e35de24596823d8260f0fcf0	createTable tableName=form_field_dictionary_value		\N	3.7.0	schema	\N	8136655094
add_form_field_dictionary_value_dictionary_id_unique_index	roman.batygin@mail.ru	classpath:db/../form-template-changelog.xml	2023-06-30 21:50:57.886849	227	EXECUTED	8:d6776dfeaeeea8fdedc6677d2d020651	addUniqueConstraint constraintName=form_field_dictionary_value_dictionary_id_unique_idx, tableName=form_field_dictionary_value		\N	3.7.0	schema	\N	8136655094
add_form_field_read_only_column	roman.batygin@mail.ru	classpath:db/../form-template-changelog.xml	2023-06-30 21:50:57.891847	228	EXECUTED	8:9e40303eff92086654f1e790639e99d1	addColumn tableName=form_field		\N	3.7.0	schema	\N	8136655094
insert_classifier_form_templates_group_2	roman.batygin@mail.ru	db/changelog/v50-insert-classifier-form-templates.xml	2023-06-30 21:50:58.29745	229	EXECUTED	8:eb2022b4b0f31f29f335ae4f662e9f81	loadUpdateData tableName=form_template_group		\N	3.7.0	data	\N	8136655094
insert_classifier_form_templates_3	roman.batygin@mail.ru	db/changelog/v50-insert-classifier-form-templates.xml	2023-06-30 21:50:58.771659	230	EXECUTED	8:46a6cff778d614902a3ccd33b6e42426	loadUpdateData tableName=form_template		\N	3.7.0	data	\N	8136655094
insert_classifier_form_field_dictionaries_2	roman.batygin@mail.ru	db/changelog/v50-insert-classifier-form-templates.xml	2023-06-30 21:50:59.217574	231	EXECUTED	8:b563f684f862c8f62156c7da4be05e77	loadUpdateData tableName=form_field_dictionary		\N	3.7.0	data	\N	8136655094
insert_classifier_form_field_dictionaries_values_2	roman.batygin@mail.ru	db/changelog/v50-insert-classifier-form-templates.xml	2023-06-30 21:50:59.667959	232	EXECUTED	8:2a0b6f1ec97013ee7f5adc360b46e133	loadUpdateData tableName=form_field_dictionary_value		\N	3.7.0	data	\N	8136655094
insert_classifiers_form_fields_5	roman.batygin@mail.ru	db/changelog/v50-insert-classifier-form-templates.xml	2023-06-30 21:51:00.108301	233	EXECUTED	8:13739d009d10a579d3c6cd40a1f50db6	loadUpdateData tableName=form_field		\N	3.7.0	data	\N	8136655094
1	roman.batygin@mail.ru	db/changelog/v51-add-classifier-options-column.xml	2023-06-30 21:51:00.113169	234	EXECUTED	8:3cdb10392a0499ce38705f753b24e2d2	addColumn tableName=classifier_info		\N	3.7.0	schema	\N	8136655094
1	roman.batygin@mail.ru	db/changelog/v52-insert-classifiers-filter-dictionary.xml	2023-06-30 21:51:00.118536	235	EXECUTED	8:bccf658be4de9285e500e866335493f5	insert tableName=filter_dictionary; insert tableName=filter_dictionary_value; insert tableName=filter_dictionary_value; insert tableName=filter_dictionary_value; insert tableName=filter_dictionary_value; insert tableName=filter_dictionary_value; i...		\N	3.7.0	data	\N	8136655094
2	roman.batygin@mail.ru	db/changelog/v52-insert-classifiers-filter-dictionary.xml	2023-06-30 21:51:00.121664	236	EXECUTED	8:bf210e4aa2c4698c34f5d7e29a812288	update tableName=filter_field		\N	3.7.0	data	\N	8136655094
create-classifiers-configuration-history-table	roman.batygin@mail.ru	db/changelog/v53-create-classifiers-configuration-history-table.xml	2023-06-30 21:51:00.129167	237	EXECUTED	8:8b45ce29b8a2e253372d6839b4d1f46c	createTable tableName=classifiers_configuration_history		\N	3.7.0	schema	\N	8136655094
insert-classifiers-configuration-history-global-filter-template	roman.batygin@mail.ru	db/changelog/v54-add-classifiers-configuration-history-global-filter-fields.xml	2023-06-30 21:51:00.132192	238	EXECUTED	8:afaa60268777f79cf83bccd0adba606b	insert tableName=global_filter_template		\N	3.7.0	data	\N	8136655094
insert-action-type-filed-to-classifiers-configuration-history-global-filter-template	roman.batygin@mail.ru	db/changelog/v54-add-classifiers-configuration-history-global-filter-fields.xml	2023-06-30 21:51:00.135375	239	EXECUTED	8:dd2e5a74a079c9340504306ece583422	insert tableName=global_filter_field		\N	3.7.0	data	\N	8136655094
insert-message-text-filed-to-classifiers-configuration-history-global-filter-template	roman.batygin@mail.ru	db/changelog/v54-add-classifiers-configuration-history-global-filter-fields.xml	2023-06-30 21:51:00.138616	240	EXECUTED	8:a2f4806a5ed825ff3c75ac8aaaa01d72	insert tableName=global_filter_field		\N	3.7.0	data	\N	8136655094
insert-created_by-filed-to-classifiers-configuration-history-global-filter-template	roman.batygin@mail.ru	db/changelog/v54-add-classifiers-configuration-history-global-filter-fields.xml	2023-06-30 21:51:00.142535	241	EXECUTED	8:701759bb6d3a1406bbd16354dd0e6cef	insert tableName=global_filter_field		\N	3.7.0	data	\N	8136655094
insert-classifiers-configuration-action-types-dictionary	roman.batygin@mail.ru	db/changelog/v55-insert-classifiers-configuration-history-filter-template.xml	2023-06-30 21:51:00.146763	242	EXECUTED	8:b2f976ea0bb41b7f7816263c8b9c7852	insert tableName=filter_dictionary; insert tableName=filter_dictionary_value; insert tableName=filter_dictionary_value; insert tableName=filter_dictionary_value; insert tableName=filter_dictionary_value; insert tableName=filter_dictionary_value; i...		\N	3.7.0	data	\N	8136655094
insert-classifiers-configuration-history-filter-template	roman.batygin@mail.ru	db/changelog/v55-insert-classifiers-configuration-history-filter-template.xml	2023-06-30 21:51:00.150164	243	EXECUTED	8:ff3b6c8a69eb6fec006976024bd9df8e	insert tableName=filter_template; insert tableName=filter_field; insert tableName=filter_field; insert tableName=filter_field		\N	3.7.0	data	\N	8136655094
create-message-template-table	roman.batygin@mail.ru	db/changelog/v56-create-message-template-table.xml	2023-06-30 21:51:00.158141	244	EXECUTED	8:c0c9cd75b7a98f468660b56da1abc084	createTable tableName=message_template		\N	3.7.0	schema	\N	8136655094
add-message-template-text-not-null-constraint	roman.batygin@mail.ru	db/changelog/v56-create-message-template-table.xml	2023-06-30 21:51:00.162319	245	EXECUTED	8:82c21b586a2c1613e25869894366b07c	addNotNullConstraint columnName=template_text, tableName=message_template		\N	3.7.0	schema	\N	8136655094
insert_message_templates_3	roman.batygin@mail.ru	db/changelog/v57-insert-message-templates.xml	2023-06-30 21:51:00.613756	246	EXECUTED	8:353f9c765c7de3f37587bda42b3254ea	loadUpdateData tableName=message_template		\N	3.7.0	data	\N	8136655094
add_experiment_download_url_column	roman.batygin@mail.ru	db/changelog/v58-add-experiment-download-url-column.xml	2023-06-30 21:51:00.617662	247	EXECUTED	8:ce76e829f826fc0f808ca9358c803911	addColumn tableName=experiment		\N	3.7.0	schema	\N	8136655094
drop_experiment_token_column	roman.batygin@mail.ru	db/changelog/v58-add-experiment-download-url-column.xml	2023-06-30 21:51:00.621033	248	EXECUTED	8:aed53e00645dbf3783b9968ad2803f27	dropColumn columnName=token, tableName=experiment		\N	3.7.0	schema	\N	8136655094
rename_experiment_absolute_path_column	roman.batygin@mail.ru	db/changelog/v58-add-experiment-download-url-column.xml	2023-06-30 21:51:00.624763	249	EXECUTED	8:b9921bcb0a86fe4bb849f8b0c4791d1c	renameColumn newColumnName=experiment_path, oldColumnName=experiment_absolute_path, tableName=experiment		\N	3.7.0	schema	\N	8136655094
rename_experiment_training_data_absolute_path	roman.batygin@mail.ru	db/changelog/v58-add-experiment-download-url-column.xml	2023-06-30 21:51:00.628235	250	EXECUTED	8:ec8ea575a0fb42cd66a3a523392fb326	renameColumn newColumnName=training_data_path, oldColumnName=training_data_absolute_path, tableName=experiment		\N	3.7.0	schema	\N	8136655094
add_experiment_instances_info_id_column	roman.batygin@mail.ru	db/changelog/v58-add-experiment-download-url-column.xml	2023-06-30 21:51:00.632251	251	EXECUTED	8:56ed5ad0a59bbc7ca2cfc38ff62a78a1	addColumn tableName=experiment		\N	3.7.0	schema	\N	8136655094
insert_experiment_relation_name_field_in_global_filter_template	roman.batygin@mail.ru	db/changelog/v59-insert-experiment-relation-name-in-filter-templates.xml	2023-06-30 21:51:00.636502	252	EXECUTED	8:e6b1dca653dff6699cdffabc0af769f0	insert tableName=global_filter_field		\N	3.7.0	data	\N	8136655094
reorder_experiment_filter_template_fields	roman.batygin@mail.ru	db/changelog/v59-insert-experiment-relation-name-in-filter-templates.xml	2023-06-30 21:51:00.639365	253	EXECUTED	8:e2aeeaee64a022b3c3fca859f4d3ff88	update tableName=filter_field		\N	3.7.0	data	\N	8136655094
insert_experiment_relation_name_field_in_filter_template	roman.batygin@mail.ru	db/changelog/v59-insert-experiment-relation-name-in-filter-templates.xml	2023-06-30 21:51:00.643146	254	EXECUTED	8:0fd9cc631928e2e10d85c00d62e6bb07	insert tableName=filter_field		\N	3.7.0	data	\N	8136655094
create-experiment-step-table	roman.batygin@mail.ru	db/changelog/v60-create-experiment-step-table.xml	2023-06-30 21:51:00.652702	255	EXECUTED	8:d83bbbf865d3e2ea0f497c57cb7cffee	createTable tableName=experiment_step		\N	3.7.0	schema	\N	8136655094
add_experiment_step_experiment_id_step_unique_idx	roman.batygin@mail.ru	db/changelog/v60-create-experiment-step-table.xml	2023-06-30 21:51:00.715697	256	EXECUTED	8:77ee35534cb445053a87f7e9c2235c14	createIndex indexName=experiment_step_experiment_id_step_unique_idx, tableName=experiment_step		\N	3.7.0	schema	\N	8136655094
add_experiment_step_experiment_id_step_order_unique_idx	roman.batygin@mail.ru	db/changelog/v60-create-experiment-step-table.xml	2023-06-30 21:51:00.777606	257	EXECUTED	8:1b6459438a6eb16eb5652a446d4111f0	createIndex indexName=experiment_step_experiment_id_step_order_unique_idx, tableName=experiment_step		\N	3.7.0	schema	\N	8136655094
drop_experiment_first_name_column	roman.batygin@mail.ru	db/changelog/v61-drop-experiment-first-name-column.xml	2023-06-30 21:51:00.78154	258	EXECUTED	8:557cbe13f056dec0906a1a0c61b5b541	dropColumn columnName=first_name, tableName=experiment		\N	3.7.0	schema	\N	8136655094
remove_experiment_first_name_column_from_global_filter	roman.batygin@mail.ru	db/changelog/v61-drop-experiment-first-name-column.xml	2023-06-30 21:51:00.78422	259	EXECUTED	8:a208ba5be0b8ebbb7346d3b1db182983	delete tableName=global_filter_field		\N	3.7.0	data	\N	8136655094
drop_experiment_email_not_null_constraint	roman.batygin@mail.ru	db/changelog/v62-drop-experiment-email-not-null-constraint.xml	2023-06-30 21:51:00.788407	260	EXECUTED	8:c2ee0e43958a34b9ceb8441cce689cab	dropNotNullConstraint columnName=email, tableName=experiment		\N	3.7.0	schema	\N	8136655094
add_instances_info_data_md5_hash_column	roman.batygin@mail.ru	db/changelog/v63-add-instances-info-md5-hash-column.xml	2023-06-30 21:51:00.792241	261	EXECUTED	8:5566d694e6be50efbd4b342f8820db91	addColumn tableName=instances_info		\N	3.7.0	schema	\N	8136655094
drop_experiment_results_request_request_source_column	roman.batygin@mail.ru	db/changelog/v63-add-instances-info-md5-hash-column.xml	2023-06-30 21:51:00.795749	262	EXECUTED	8:609703cb09a8fba7d598d6addcaaa571	dropColumn columnName=request_source, tableName=experiment_results_request		\N	3.7.0	schema	\N	8136655094
add_experiment_created_by_column	roman.batygin@mail.ru	db/changelog/v64-add-experiment-created-by-column.xml	2023-06-30 21:51:00.799701	263	EXECUTED	8:b5d0b49eb3965d8d886afb2da34961bc	addColumn tableName=experiment		\N	3.7.0	schema	\N	8136655094
remove_experiment_email_column_from_global_filter	roman.batygin@mail.ru	db/changelog/v64-add-experiment-created-by-column.xml	2023-06-30 21:51:00.802293	264	EXECUTED	8:cd6737a127b22e29235888670426c111	delete tableName=global_filter_field		\N	3.7.0	data	\N	8136655094
insert_experiment_created_by_field_in_global_filter_template	roman.batygin@mail.ru	db/changelog/v64-add-experiment-created-by-column.xml	2023-06-30 21:51:00.806394	265	EXECUTED	8:606a07c95111004bb0f1f76c4575f5e0	insert tableName=global_filter_field		\N	3.7.0	data	\N	8136655094
insert_experiment_created_by_field_in_filter_template	roman.batygin@mail.ru	db/changelog/v64-add-experiment-created-by-column.xml	2023-06-30 21:51:00.809077	266	EXECUTED	8:9b24b74821549a79339b35bed9211f25	update tableName=filter_field		\N	3.7.0	data	\N	8136655094
add_evaluation_log_model_path_column	roman.batygin@mail.ru	db/changelog/v65-add-evaluation-log-model-path-column.xml	2023-06-30 21:51:00.813432	267	EXECUTED	8:15799b43fdfdad2803160117cd0af567	addColumn tableName=evaluation_log		\N	3.7.0	schema	\N	8136655094
add_evaluation_log_deleted_date_column	roman.batygin@mail.ru	db/changelog/v65-add-evaluation-log-model-path-column.xml	2023-06-30 21:51:00.817086	268	EXECUTED	8:5de00f1c2177cdb25a7c319ce40537c2	addColumn tableName=evaluation_log		\N	3.7.0	schema	\N	8136655094
rename_experiment_path_column	roman.batygin@mail.ru	db/changelog/v65-add-evaluation-log-model-path-column.xml	2023-06-30 21:51:00.8207	269	EXECUTED	8:039aa099ded47fc9a941f2d3fb52d220	renameColumn newColumnName=model_path, oldColumnName=experiment_path, tableName=experiment		\N	3.7.0	schema	\N	8136655094
add_evaluation_log_pct_correct_column	roman.batygin@mail.ru	db/changelog/v65-add-evaluation-log-model-path-column.xml	2023-06-30 21:51:00.824812	270	EXECUTED	8:ebbe67d8d1bdcd0b59320721ae384e46	addColumn tableName=evaluation_log		\N	3.7.0	schema	\N	8136655094
add_classifier_options_request_request_id_column	roman.batygin@mail.ru	db/changelog/v66-add-classifier-options-request-request-id-column.xml	2023-06-30 21:51:00.830148	271	EXECUTED	8:2e3f08485bf258824ec48b54f28bdbbf	addColumn tableName=classifier_options_request		\N	3.7.0	schema	\N	8136655094
add_instances_info_created_date_column	roman.batygin@mail.ru	db/changelog/v67-add-instances-info-created-date-column.xml	2023-06-30 21:51:00.833561	272	EXECUTED	8:5c416b810d9ec35edf2b72e48717a70c	addColumn tableName=instances_info		\N	3.7.0	schema	\N	8136655094
add_instances_info_uuid_column	roman.batygin@mail.ru	db/changelog/v67-add-instances-info-created-date-column.xml	2023-06-30 21:51:00.838157	273	EXECUTED	8:a33643a8fe1536e7a0fdc4425e90f8cc	addColumn tableName=instances_info		\N	3.7.0	schema	\N	8136655094
add_experiment_instances_info_id_not_null_constraint	roman.batygin@mail.ru	db/changelog/v67-add-instances-info-created-date-column.xml	2023-06-30 21:51:00.841269	274	EXECUTED	8:7612636fd539f4ba9969931f9d19e9af	addNotNullConstraint columnName=instances_info_id, tableName=experiment		\N	3.7.0	schema	\N	8136655094
add_instances_info_data_md5_hash_not_null_constraint	roman.batygin@mail.ru	db/changelog/v67-add-instances-info-created-date-column.xml	2023-06-30 21:51:00.844653	275	EXECUTED	8:b6464f82f74676e8f45c43b5a31bef02	addNotNullConstraint columnName=data_md5_hash, tableName=instances_info		\N	3.7.0	schema	\N	8136655094
add_instances_info_data_md5_hash_unique_constraint	roman.batygin@mail.ru	db/changelog/v67-add-instances-info-created-date-column.xml	2023-06-30 21:51:00.849226	276	EXECUTED	8:00f0fbf78a06de15c604aee0d3624591	addUniqueConstraint constraintName=instances_info_data_md5_hash_unique_idx, tableName=instances_info		\N	3.7.0	schema	\N	8136655094
add_classifier_options_request_request_id_not_null_constraint	roman.batygin@mail.ru	db/changelog/v67-add-instances-info-created-date-column.xml	2023-06-30 21:51:00.852627	277	EXECUTED	8:0e435ab8ee1c0ad613500a221163457c	addNotNullConstraint columnName=request_id, tableName=classifier_options_request		\N	3.7.0	schema	\N	8136655094
add_classifier_options_request_request_id_unique_constraint	roman.batygin@mail.ru	db/changelog/v67-add-instances-info-created-date-column.xml	2023-06-30 21:51:00.857312	278	EXECUTED	8:ba6259b8b7a68ec0cd67055026db8af1	addUniqueConstraint constraintName=classifier_options_request_request_id_unique_idx, tableName=classifier_options_request		\N	3.7.0	schema	\N	8136655094
drop_classifier_input_options_table	roman.batygin@mail.ru	db/changelog/v67-add-instances-info-created-date-column.xml	2023-06-30 21:51:00.860801	279	EXECUTED	8:f6c9c4d1f8f7c393e8a570e9316175e6	dropTable tableName=classifier_input_options		\N	3.7.0	schema	\N	8136655094
add_classifier_info_classifier_options_not_null_constraint	roman.batygin@mail.ru	db/changelog/v67-add-instances-info-created-date-column.xml	2023-06-30 21:51:00.864516	280	EXECUTED	8:fb99a61d9ea32e3ebdd1d958d2f44b28	addNotNullConstraint columnName=classifier_options, tableName=classifier_info		\N	3.7.0	schema	\N	8136655094
add_experiment_results_pct_correct_not_null_constraint	roman.batygin@mail.ru	db/changelog/v67-add-instances-info-created-date-column.xml	2023-06-30 21:51:00.868	281	EXECUTED	8:deab45749cf8f675299c06650c79281a	addNotNullConstraint columnName=pct_correct, tableName=experiment_results		\N	3.7.0	schema	\N	8136655094
insert_experiment_instances_info_id_field_in_filter_template	roman.batygin@mail.ru	db/changelog/v67-add-instances-info-created-date-column.xml	2023-06-30 21:51:00.87072	282	EXECUTED	8:55634bf1cf5e4e1078a81d47244434b6	update tableName=filter_field		\N	3.7.0	data	\N	8136655094
insert_evaluation_log_instances_info_id_field_in_filter_template	roman.batygin@mail.ru	db/changelog/v67-add-instances-info-created-date-column.xml	2023-06-30 21:51:00.873271	283	EXECUTED	8:bbb780ce6ba8a90cf011865337d42e60	update tableName=filter_field		\N	3.7.0	data	\N	8136655094
add_classifier_options_request_model_instances_info_id_column	roman.batygin@mail.ru	db/changelog/v67-add-instances-info-created-date-column.xml	2023-06-30 21:51:00.877503	284	EXECUTED	8:f7334ccea3e7bf330ccdc707ba7e9293	addColumn tableName=classifier_options_request_model		\N	3.7.0	schema	\N	8136655094
drop_classifier_options_request_relation_name_column	roman.batygin@mail.ru	db/changelog/v67-add-instances-info-created-date-column.xml	2023-06-30 21:51:00.880725	285	EXECUTED	8:0a9b8d4ef93e96588fdf4b621c3dd9a2	dropColumn columnName=relation_name, tableName=classifier_options_request_model		\N	3.7.0	schema	\N	8136655094
drop_classifier_options_request_data_md5_hash_column	roman.batygin@mail.ru	db/changelog/v67-add-instances-info-created-date-column.xml	2023-06-30 21:51:00.883997	286	EXECUTED	8:abd0be3e9d8cd69f6469eb5dd184d90b	dropColumn columnName=data_md5_hash, tableName=classifier_options_request_model		\N	3.7.0	schema	\N	8136655094
insert_classifier_options_request_instances_info_id_field_in_filter_template	roman.batygin@mail.ru	db/changelog/v67-add-instances-info-created-date-column.xml	2023-06-30 21:51:00.886716	287	EXECUTED	8:71f7072de7aa5a2b2c4b7d2640f2cc8b	update tableName=filter_field		\N	3.7.0	data	\N	8136655094
update_classifier_options_request_relation_name_field_in_global_filter_template	roman.batygin@mail.ru	db/changelog/v67-add-instances-info-created-date-column.xml	2023-06-30 21:51:00.889367	288	EXECUTED	8:fb9345d03bdfb24a668d5a0320201dae	update tableName=global_filter_field		\N	3.7.0	data	\N	8136655094
\.


--
-- TOC entry 3323 (class 0 OID 17086)
-- Dependencies: 200
-- Data for Name: databasechangeloglock; Type: TABLE DATA; Schema: public; Owner: postgres
--

COPY public.databasechangeloglock (id, locked, lockgranted, lockedby) FROM stdin;
1	f	\N	\N
\.


--
-- TOC entry 3332 (class 0 OID 17155)
-- Dependencies: 209
-- Data for Name: ers_request; Type: TABLE DATA; Schema: public; Owner: postgres
--

COPY public.ers_request (id, request_date, request_id, response_status, details) FROM stdin;
\.


--
-- TOC entry 3327 (class 0 OID 17107)
-- Dependencies: 204
-- Data for Name: evaluation_log; Type: TABLE DATA; Schema: public; Owner: postgres
--

COPY public.evaluation_log (id, creation_date, start_date, end_date, request_status, error_message, evaluation_method, instances_info_id, request_id, classifier_info_id, num_folds, num_tests, seed, model_path, deleted_date, pct_correct) FROM stdin;
\.


--
-- TOC entry 3334 (class 0 OID 17165)
-- Dependencies: 211
-- Data for Name: evaluation_results_request; Type: TABLE DATA; Schema: public; Owner: postgres
--

COPY public.evaluation_results_request (id, evaluation_log_id) FROM stdin;
\.


--
-- TOC entry 3328 (class 0 OID 17133)
-- Dependencies: 205
-- Data for Name: experiment; Type: TABLE DATA; Schema: public; Owner: postgres
--

COPY public.experiment (id, email, model_path, training_data_path, request_id, creation_date, start_date, end_date, experiment_type, request_status, error_message, evaluation_method, deleted_date, num_folds, num_tests, seed, class_index, channel_type, reply_to, correlation_id, experiment_download_url, instances_info_id, created_by) FROM stdin;
\.


--
-- TOC entry 3362 (class 0 OID 17444)
-- Dependencies: 239
-- Data for Name: experiment_progress; Type: TABLE DATA; Schema: public; Owner: postgres
--

COPY public.experiment_progress (id, progress, finished, experiment_id) FROM stdin;
\.


--
-- TOC entry 3358 (class 0 OID 17368)
-- Dependencies: 235
-- Data for Name: experiment_results; Type: TABLE DATA; Schema: public; Owner: postgres
--

COPY public.experiment_results (id, results_index, classifier_info_id, pct_correct, experiment_id) FROM stdin;
\.


--
-- TOC entry 3336 (class 0 OID 17182)
-- Dependencies: 213
-- Data for Name: experiment_results_request; Type: TABLE DATA; Schema: public; Owner: postgres
--

COPY public.experiment_results_request (id, experiment_results_id) FROM stdin;
\.


--
-- TOC entry 3381 (class 0 OID 17653)
-- Dependencies: 258
-- Data for Name: experiment_step; Type: TABLE DATA; Schema: public; Owner: postgres
--

COPY public.experiment_step (id, step, status, step_order, created, started, completed, error_message, num_failed_attempts, experiment_id) FROM stdin;
\.


--
-- TOC entry 3346 (class 0 OID 17270)
-- Dependencies: 223
-- Data for Name: filter_dictionary; Type: TABLE DATA; Schema: public; Owner: postgres
--

COPY public.filter_dictionary (id, name) FROM stdin;
1	evaluationMethod
2	requestStatus
3	experimentType
4	ersResponseStatus
5	classifier
6	classifiersConfigurationActionType
\.


--
-- TOC entry 3350 (class 0 OID 17297)
-- Dependencies: 227
-- Data for Name: filter_dictionary_value; Type: TABLE DATA; Schema: public; Owner: postgres
--

COPY public.filter_dictionary_value (id, label, value, filter_dictionary_id) FROM stdin;
2	Использование обучающего множества	TRAINING_DATA	1
3	V-блочная кросс-проверка	CROSS_VALIDATION	1
5	Новая	NEW	2
6	Завершена	FINISHED	2
7	Ошибка	ERROR	2
8	Таймаут	TIMEOUT	2
10	Нейронные сети	NEURAL_NETWORKS	3
13	Алгоритм AdaBoost	ADA_BOOST	3
14	Алгоритм Stacking	STACKING	3
16	Случайные леса	RANDOM_FORESTS	3
17	Алгоритм Stacking CV	STACKING_CV	3
18	Деревья решений	DECISION_TREE	3
20	Успешно	SUCCESS	4
22	Заявка с таким UUID уже существует	DUPLICATE_REQUEST_ID	4
23	Ошибка	ERROR	4
25	Не найдена обучающая выборка	DATA_NOT_FOUND	4
26	Не найдены оптимальные конфигурации моделей	RESULTS_NOT_FOUND	4
11	Неоднородный ансамбль	HETEROGENEOUS_ENSEMBLE	3
12	Мод. неоднородный ансамбль	MODIFIED_HETEROGENEOUS_ENSEMBLE	3
15	Алгоритм KNN	KNN	3
27	В работе	IN_PROGRESS	2
28	Алгоритм CART	CART	5
29	Алгоритм C4.5	C45	5
30	Алгоритм ID3	ID3	5
31	Алгоритм CHAID	CHAID	5
32	Алгоритм J48	J48	5
33	Нейронная сеть (Многослойный персептрон)	NeuralNetwork	5
34	Алгоритм k - взвешенных ближайших соседей	KNearestNeighbours	5
35	Логистическая регрессия	Logistic	5
36	Алгоритм AdaBoost	AdaBoostClassifier	5
37	Неоднородный ансамблевый алгоритм	HeterogeneousClassifier	5
38	Модифицированный неоднородный ансамблевый алгоритм	ModifiedHeterogeneousClassifier	5
39	Алгоритм Stacking	StackingClassifier	5
40	Алгоритм Случайные леса	RandomForests	5
41	Алгоритм Extra trees	ExtraTreesClassifier	5
42	Алгоритм Случайные сети	RandomNetworks	5
43	Создана новая конфигурация	CREATE_CONFIGURATION	6
44	Данные конфигурации изменены	UPDATE_CONFIGURATION	6
45	Конфигурация сделана активной	SET_ACTIVE	6
46	Конфигурация перестала быть активной	DEACTIVATE	6
47	Добавлены новые настройки классификатора	ADD_CLASSIFIER_OPTIONS	6
48	Удалены настройки классификатора	REMOVE_CLASSIFIER_OPTIONS	6
\.


--
-- TOC entry 3348 (class 0 OID 17277)
-- Dependencies: 225
-- Data for Name: filter_field; Type: TABLE DATA; Schema: public; Owner: postgres
--

COPY public.filter_field (id, field_name, description, field_order, filter_field_type, match_mode, filter_template_id, filter_dictionary_id, multiple) FROM stdin;
10	requestId	UUID заявки	0	TEXT	LIKE	2	\N	f
16	requestId	UUID заявки	0	TEXT	LIKE	3	\N	f
18	evaluationMethod	Метод оценки точности	2	REFERENCE	EQUALS	3	1	f
19	responseStatus	Статус ответа от ERS	3	REFERENCE	EQUALS	3	4	f
12	evaluationMethod	Метод оценки точности	3	REFERENCE	EQUALS	2	1	f
14	creationDate	Дата создания заявки	5	DATE	RANGE	2	\N	t
20	requestDate	Дата отправки запроса в ERS	4	DATE	RANGE	3	\N	t
13	requestStatus	Статус заявки	4	REFERENCE	EQUALS	2	2	f
1	requestId	UUID заявки	0	TEXT	LIKE	1	\N	f
11	classifierInfo.classifierName	Классификатор	1	REFERENCE	EQUALS	2	5	t
23	createdBy	Пользователь	0	TEXT	LIKE	4	\N	f
24	actionType	Тип события	1	REFERENCE	EQUALS	4	6	t
25	createdAt	Дата события	2	DATE	RANGE	4	\N	t
3	evaluationMethod	Метод оценки точности	3	REFERENCE	EQUALS	1	1	f
6	creationDate	Дата создания заявки	6	DATE	RANGE	1	\N	t
5	experimentType	Тип эксперимента	5	REFERENCE	EQUALS	1	3	t
4	requestStatus	Статус заявки	4	REFERENCE	EQUALS	1	2	f
2	createdBy	Пользователь	1	TEXT	EQUALS	1	\N	f
26	instancesInfo.id	Обучающая выборка	2	LAZY_REFERENCE	EQUALS	1	\N	f
22	instancesInfo.id	Обучающая выборка	2	LAZY_REFERENCE	EQUALS	2	\N	f
17	instancesInfo.id	Обучающая выборка	1	LAZY_REFERENCE	EQUALS	3	\N	f
\.


--
-- TOC entry 3344 (class 0 OID 17260)
-- Dependencies: 221
-- Data for Name: filter_template; Type: TABLE DATA; Schema: public; Owner: postgres
--

COPY public.filter_template (id, template_name, template_type, created) FROM stdin;
1	Фильтр экспериментов	EXPERIMENT	2023-06-30 21:50:55.716266
2	Фильтр классификаторов	EVALUATION_LOG	2023-06-30 21:50:55.724567
3	Фильтр оптимальных настроек классификаторов	CLASSIFIER_OPTIONS_REQUEST	2023-06-30 21:50:55.735861
4	Фильтр истории конфигурации классификаторов	CLASSIFIERS_CONFIGURATION_HISTORY	2023-06-30 21:51:00.147943
\.


--
-- TOC entry 3374 (class 0 OID 17580)
-- Dependencies: 251
-- Data for Name: form_field; Type: TABLE DATA; Schema: public; Owner: postgres
--

COPY public.form_field (id, field_name, description, field_order, field_type, min_value, min_inclusive, max_value, max_inclusive, max_length, pattern, invalid_pattern_message, place_holder, template_id, dictionary_id, default_value, read_only) FROM stdin;
1	numNeighbours	Число ближайших соседей	0	INTEGER	1.00	t	2147483647.00	t	255	\N	\N	\N	1	\N	10	f
2	weight	Вес ближайшего соседа	1	DECIMAL	0.50	t	1.00	t	255	\N	\N	\N	1	\N	1	f
3	distanceType	Функция расстояния	2	REFERENCE	\N	t	\N	t	\N	\N	\N	\N	1	1	EUCLID	f
4	maxIts	Максимальное число итераций	0	INTEGER	1.00	t	2147483647.00	t	255	\N	\N	\N	2	\N	200	f
5	useConjugateGradientDescent	Использовать метод сопряженных градиентов	1	BOOLEAN	\N	t	\N	t	\N	\N	\N	\N	2	\N	false	f
6	minNumObj	Минимальное число объектов в листе	0	INTEGER	0.00	t	2147483647.00	t	255	\N	\N	\N	3	\N	2	f
7	binarySplits	Бинарное дерево	1	BOOLEAN	\N	t	\N	t	\N	\N	\N	\N	3	\N	false	f
8	unpruned	Неусеченное дерево	2	BOOLEAN	\N	t	\N	t	\N	\N	\N	\N	3	\N	false	f
9	numFolds	Количество блоков	3	INTEGER	2.00	t	100.00	t	255	\N	\N	\N	3	\N	3	f
10	decisionTreeType	Алгоритм построения дерева	0	REFERENCE	\N	t	\N	t	\N	\N	\N	\N	4	2	CART	f
11	minObj	Минимальное число объектов в листе	1	INTEGER	0.00	t	2147483647.00	t	255	\N	\N	\N	4	\N	2	f
12	maxDepth	Максимальная глубина дерева	2	INTEGER	0.00	t	2147483647.00	t	255	\N	\N	\N	4	\N	0	f
13	useBinarySplits	Бинарное дерево	3	BOOLEAN	\N	t	\N	t	\N	\N	\N	\N	4	\N	false	f
14	randomTree	Случайное дерево	4	BOOLEAN	\N	t	\N	t	\N	\N	\N	\N	4	\N	false	f
15	numRandomAttr	Число случайных атрибутов	5	INTEGER	0.00	t	2147483647.00	t	255	\N	\N	\N	4	\N	0	f
16	useRandomSplits	Случайные расщепления атрибута	6	BOOLEAN	\N	t	\N	t	\N	\N	\N	\N	4	\N	false	f
17	numRandomSplits	Число случайных расщеплений атрибута	7	INTEGER	1.00	t	2147483647.00	t	255	\N	\N	\N	4	\N	1	f
18	seed	Начальное значение (seed)	8	INTEGER	0.00	t	2147483647.00	t	255	\N	\N	\N	4	\N	1	f
19	hiddenLayer	Структура скрытого слоя	2	TEXT	\N	t	\N	t	255	^([1-9],?)+$	Неправильный формат скрытого слоя. Пример 8,15,10	Введите числа, разделенные запятой	5	\N	\N	f
20	numIterations	Число итераций	3	INTEGER	1.00	t	2147483647.00	t	255	\N	\N	\N	5	\N	1000000	f
21	minError	Допустимая ошибка	4	DECIMAL	0.00	t	1.00	t	255	\N	\N	\N	5	\N	0.00001	f
22	activationFunctionOptions.activationFunctionType	Активационная функция нейронов скрытого слоя	5	REFERENCE	\N	t	\N	t	\N	\N	\N	\N	5	3	LOGISTIC	f
23	activationFunctionOptions.coefficient	Значение коэффициента	6	DECIMAL	0.00	f	2147483647.00	t	255	\N	\N	\N	5	\N	1	f
24	backPropagationOptions.learningRate	Коэффициент скорости обучения	7	DECIMAL	0.00	f	1.00	t	255	\N	\N	\N	5	\N	0.1	f
25	backPropagationOptions.momentum	Коэффициент момента	8	DECIMAL	0.00	t	1.00	f	255	\N	\N	\N	5	\N	0.2	f
26	seed	Начальное значение (seed)	9	INTEGER	0.00	t	2147483647.00	t	255	\N	\N	\N	5	\N	1	f
27	numIterations	Число итераций	0	INTEGER	1.00	t	2147483647.00	t	255	\N	\N	\N	6	\N	10	f
28	numThreads	Число потоков	1	INTEGER	1.00	t	10.00	t	255	\N	\N	\N	6	\N	1	f
29	minError	Минимальная допустимая ошибка классификатора	2	DECIMAL	0.00	t	0.50	t	255	\N	\N	\N	6	\N	0	f
30	maxError	Максимальная допустимая ошибка классификатора	3	DECIMAL	0.00	t	0.50	t	255	\N	\N	\N	6	\N	0.5	f
31	seed	Начальное значение (seed)	4	INTEGER	0.00	t	2147483647.00	t	255	\N	\N	\N	6	\N	1	f
32	numIterations	Число итераций	0	INTEGER	1.00	t	2147483647.00	t	255	\N	\N	\N	7	\N	10	f
33	numThreads	Число потоков	1	INTEGER	1.00	t	10.00	t	255	\N	\N	\N	7	\N	1	f
34	minError	Минимальная допустимая ошибка классификатора	2	DECIMAL	0.00	t	0.50	t	255	\N	\N	\N	7	\N	0	f
35	maxError	Максимальная допустимая ошибка классификатора	3	DECIMAL	0.00	t	0.50	t	255	\N	\N	\N	7	\N	0.5	f
36	useWeightedVotes	Метод взвешенного голосования	4	BOOLEAN	\N	t	\N	t	\N	\N	\N	\N	7	\N	false	f
37	useRandomClassifier	Случайный классификатор	5	BOOLEAN	\N	t	\N	t	\N	\N	\N	\N	7	\N	true	f
38	samplingMethod	Формирование обучающих выборок	6	REFERENCE	\N	t	\N	t	\N	\N	\N	\N	7	4	INITIAL	f
39	useRandomSubspaces	Использование метода случайных подпространств	7	BOOLEAN	\N	t	\N	t	\N	\N	\N	\N	7	\N	false	f
40	seed	Начальное значение (seed)	8	INTEGER	0.00	t	2147483647.00	t	255	\N	\N	\N	7	\N	1	f
41	decisionTreeType	Алгоритм построения дерева	0	REFERENCE	\N	t	\N	t	\N	\N	\N	\N	8	2	CART	f
42	numIterations	Число деревьев	1	INTEGER	1.00	t	2147483647.00	t	255	\N	\N	\N	8	\N	10	f
43	minObj	Минимальное число объектов в листе	2	INTEGER	0.00	t	2147483647.00	t	255	\N	\N	\N	8	\N	2	f
44	maxDepth	Максимальная глубина дерева	3	INTEGER	0.00	t	2147483647.00	t	255	\N	\N	\N	8	\N	0	f
45	numRandomAttr	Число случайных атрибутов	4	INTEGER	0.00	t	2147483647.00	t	255	\N	\N	\N	8	\N	0	f
46	numThreads	Число потоков	5	INTEGER	1.00	t	10.00	t	255	\N	\N	\N	8	\N	1	f
47	seed	Начальное значение (seed)	6	INTEGER	0.00	t	2147483647.00	t	255	\N	\N	\N	8	\N	1	f
48	decisionTreeType	Алгоритм построения дерева	0	REFERENCE	\N	t	\N	t	\N	\N	\N	\N	9	2	CART	f
49	numIterations	Число деревьев	1	INTEGER	1.00	t	2147483647.00	t	255	\N	\N	\N	9	\N	10	f
50	minObj	Минимальное число объектов в листе	2	INTEGER	0.00	t	2147483647.00	t	255	\N	\N	\N	9	\N	2	f
51	maxDepth	Максимальная глубина дерева	3	INTEGER	0.00	t	2147483647.00	t	255	\N	\N	\N	9	\N	0	f
52	numRandomAttr	Число случайных атрибутов	4	INTEGER	0.00	t	2147483647.00	t	255	\N	\N	\N	9	\N	0	f
53	numThreads	Число потоков	5	INTEGER	1.00	t	10.00	t	255	\N	\N	\N	9	\N	1	f
54	numRandomSplits	Число случайных расщеплений атрибута	6	INTEGER	1.00	t	2147483647.00	t	255	\N	\N	\N	9	\N	1	f
55	useBootstrapSamples	Использование бутстрэп - выборок	7	BOOLEAN	\N	t	\N	t	\N	\N	\N	\N	9	\N	false	f
56	seed	Начальное значение (seed)	8	INTEGER	0.00	t	2147483647.00	t	255	\N	\N	\N	9	\N	1	f
57	useCrossValidation	Использование V - блочной кросс - проверки для формирования мета - признаков	0	BOOLEAN	\N	t	\N	t	\N	\N	\N	\N	10	\N	false	f
58	numFolds	Количество блоков	1	INTEGER	2.00	t	100.00	t	255	\N	\N	\N	10	\N	10	f
59	seed	Начальное значение (seed)	2	INTEGER	0.00	t	2147483647.00	t	255	\N	\N	\N	10	\N	1	f
60	numIterations	Число итераций	0	INTEGER	1.00	t	2147483647.00	t	255	\N	\N	\N	11	\N	10	f
61	numThreads	Число потоков	1	INTEGER	1.00	t	10.00	t	255	\N	\N	\N	11	\N	1	f
62	minError	Минимальная допустимая ошибка классификатора	2	DECIMAL	0.00	t	0.50	t	255	\N	\N	\N	11	\N	0	f
63	maxError	Максимальная допустимая ошибка классификатора	3	DECIMAL	0.00	t	0.50	t	255	\N	\N	\N	11	\N	0.5	f
64	useBootstrapSamples	Использование бутстрэп - выборок	4	BOOLEAN	\N	t	\N	t	\N	\N	\N	\N	11	\N	false	f
65	seed	Начальное значение (seed)	5	INTEGER	0.00	t	2147483647.00	t	255	\N	\N	\N	11	\N	1	f
66	numInNeurons	Количество нейронов во входном слое	0	INTEGER	1.00	t	2147483647.00	t	\N	\N	\N	\N	5	\N	\N	t
67	numOutNeurons	Количество нейронов в выходном слое	1	INTEGER	2.00	t	2147483647.00	t	\N	\N	\N	\N	5	\N	\N	t
68	alpha	Уровень значимости для теста хи - квадрат	9	DECIMAL	0.00	t	1.00	t	255	\N	\N	\N	4	\N	0.05	t
\.


--
-- TOC entry 3372 (class 0 OID 17573)
-- Dependencies: 249
-- Data for Name: form_field_dictionary; Type: TABLE DATA; Schema: public; Owner: postgres
--

COPY public.form_field_dictionary (id, name) FROM stdin;
1	distanceType
2	decisionTreeType
3	activationFunctionType
4	samplingMethod
\.


--
-- TOC entry 3376 (class 0 OID 17604)
-- Dependencies: 253
-- Data for Name: form_field_dictionary_value; Type: TABLE DATA; Schema: public; Owner: postgres
--

COPY public.form_field_dictionary_value (id, label, value, dictionary_id) FROM stdin;
1	Евкилидово расстояние	EUCLID	1
2	Квадрат Евклидова расстояни	SQUARE_EUCLID	1
3	Манхеттенское расстояние	MANHATTAN	1
4	Расстояние Чебышева	CHEBYSHEV	1
5	Алгоритм CART	CART	2
6	Алгоритм ID3	ID3	2
7	Алгоритм C4.5	C45	2
8	Алгоритм CHAID	CHAID	2
9	Логистическая	LOGISTIC	3
10	Гиперболический тангенс	HYPERBOLIC_TANGENT	3
11	Тригонометрический синус	SINUSOID	3
12	Экспоненциальная	EXPONENTIAL	3
13	Функция SoftSign	SOFT_SIGN	3
14	Функция ISRU	INVERSE_SQUARE_ROOT_UNIT	3
15	Использование исходной выборки	INITIAL	4
16	Бутстрэп выборки	BAGGING	4
17	Случайные подвыборки	RANDOM	4
18	Бутстрэп выборки случайного размера	RANDOM_BAGGING	4
\.


--
-- TOC entry 3370 (class 0 OID 17556)
-- Dependencies: 247
-- Data for Name: form_template; Type: TABLE DATA; Schema: public; Owner: postgres
--

COPY public.form_template (id, template_name, object_class, object_type, template_title, group_id) FROM stdin;
1	KNN	KNearestNeighboursOptions	knn	Алгоритм k - взвешенных ближайших соседей	1
2	LOGISTIC	LogisticOptions	logistic	Логистическая регрессия	1
3	J48	J48Options	j48	Алгоритм J48	1
4	DECISION_TREE	DecisionTreeOptions	decision_tree	Дерево решений	1
5	NEURAL_NETWORK	NeuralNetworkOptions	neural_network	Нейронная сеть (Многослойный персептрон)	1
6	ADA_BOOST	AdaBoostOptions	ada_boost	Алгоритм AdaBoost	2
7	HETEROGENEOUS_CLASSIFIER	HeterogeneousClassifierOptions	heterogeneous_classifier	Неоднородный ансамблевый алгоритм	2
8	RANDOM_FORESTS	RandomForestsOptions	random_forests	Случайные леса	2
9	EXTRA_TREES	ExtraTreesOptions	extra_trees	Алгоритм Extra trees	2
10	STACKING	StackingOptions	stacking	Алгоритм Stacking	2
11	RANDOM_NETWORKS	RandomNetworkOptions	random_networks	Алгоритм Случайные сети	2
\.


--
-- TOC entry 3368 (class 0 OID 17547)
-- Dependencies: 245
-- Data for Name: form_template_group; Type: TABLE DATA; Schema: public; Owner: postgres
--

COPY public.form_template_group (id, group_name) FROM stdin;
1	classifiers
2	ensembleClassifiers
\.


--
-- TOC entry 3354 (class 0 OID 17337)
-- Dependencies: 231
-- Data for Name: global_filter_field; Type: TABLE DATA; Schema: public; Owner: postgres
--

COPY public.global_filter_field (id, field_name, global_filter_template_id) FROM stdin;
4	requestId	2
6	instancesInfo.relationName	2
7	requestId	3
10	evaluationMethod	2
11	evaluationMethod	1
13	experimentType	1
14	evaluationMethod	3
15	responseStatus	3
5	classifierInfo.classifierName	2
9	requestStatus	2
12	requestStatus	1
1	requestId	1
16	configurationName	4
17	createdBy	4
18	id	4
19	actionType	5
20	messageText	5
21	createdBy	5
22	instancesInfo.relationName	1
23	createdBy	1
8	instancesInfo.relationName	3
\.


--
-- TOC entry 3352 (class 0 OID 17327)
-- Dependencies: 229
-- Data for Name: global_filter_template; Type: TABLE DATA; Schema: public; Owner: postgres
--

COPY public.global_filter_template (id, filter_name, template_type) FROM stdin;
1	experimentFilter	EXPERIMENT
2	evaluationLogFilter	EVALUATION_LOG
3	classifierOptionsRequestFilter	CLASSIFIER_OPTIONS_REQUEST
4	classifiersConfigurationFilter	CLASSIFIERS_CONFIGURATION
5	classifiersConfigurationHistoryFilter	CLASSIFIERS_CONFIGURATION_HISTORY
\.


--
-- TOC entry 3326 (class 0 OID 17099)
-- Dependencies: 203
-- Data for Name: instances_info; Type: TABLE DATA; Schema: public; Owner: postgres
--

COPY public.instances_info (id, relation_name, num_instances, num_attributes, num_classes, class_name, data_md5_hash, created_date, uuid) FROM stdin;
\.


--
-- TOC entry 3379 (class 0 OID 17638)
-- Dependencies: 256
-- Data for Name: message_template; Type: TABLE DATA; Schema: public; Owner: postgres
--

COPY public.message_template (id, template_text) FROM stdin;
CREATE_CONFIGURATION	Создана конфигурация с именем ${classifiersConfiguration.configurationName}
UPDATE_CONFIGURATION	Изменено название конфигурации. Новое название - ${classifiersConfiguration.configurationName}
SET_ACTIVE	Конфигурация сделана активной
DEACTIVATE	Конфигурация перестала быть активной
ADD_CLASSIFIER_OPTIONS	Добавлены настройки классификатора [${classifierOptionsDescription}]. Идентификатор настроек [${classifierOptionsId}]
REMOVE_CLASSIFIER_OPTIONS	Удалены настройки классификатора [${classifierOptionsDescription}]. Идентификатор настроек [${classifierOptionsId}]
NEW_EXPERIMENT	Поступила новая заявка на эксперимент ${experiment.requestId}
IN_PROGRESS_EXPERIMENT	Заявка на эксперимент ${experiment.requestId} поступила в работу
FINISHED_EXPERIMENT	Эксперимент ${experiment.requestId} успешно завершен
ERROR_EXPERIMENT	Эксперимент ${experiment.requestId} завершился с ошибкой
TIMEOUT_EXPERIMENT	Таймаут при обработке заявки на эксперимент ${experiment.requestId}
SET_ACTIVE_CLASSIFIERS_CONFIGURATION_PUSH_MESSAGE	Сделал конфигурацию [${classifiersConfiguration.id}] активной
RENAME_CLASSIFIERS_CONFIGURATION_PUSH_MESSAGE	Изменил название конфигурации [${classifiersConfiguration.id}] на [${classifiersConfiguration.configurationName}]
ADD_CLASSIFIERS_CONFIGURATION_OPTIONS_PUSH_MESSAGE	Добавил настройки классификатора [${classifierOptionsDescription}] в конфигурацию [${classifiersConfiguration.id}]. Идентификатор настроек [${classifierOptionsId}]
DELETE_CLASSIFIERS_CONFIGURATION_OPTIONS_PUSH_MESSAGE	Удалил настройки классификатора [${classifierOptionsDescription}] из конфигурации [${classifiersConfiguration.id}]. Идентификатор настроек [${classifierOptionsId}]
\.


--
-- TOC entry 3366 (class 0 OID 17500)
-- Dependencies: 243
-- Data for Name: retry_request; Type: TABLE DATA; Schema: public; Owner: postgres
--

COPY public.retry_request (id, request_type, request_id, request, tx_id, retries, max_retries, created_at, retry_at) FROM stdin;
\.


--
-- TOC entry 3388 (class 0 OID 0)
-- Dependencies: 232
-- Name: classifier_info_id_seq; Type: SEQUENCE SET; Schema: public; Owner: postgres
--

SELECT pg_catalog.setval('public.classifier_info_id_seq', 1, false);


--
-- TOC entry 3389 (class 0 OID 0)
-- Dependencies: 206
-- Name: classifier_options_id_seq; Type: SEQUENCE SET; Schema: public; Owner: postgres
--

SELECT pg_catalog.setval('public.classifier_options_id_seq', 1, false);


--
-- TOC entry 3390 (class 0 OID 0)
-- Dependencies: 218
-- Name: classifier_options_request_id_seq; Type: SEQUENCE SET; Schema: public; Owner: postgres
--

SELECT pg_catalog.setval('public.classifier_options_request_id_seq', 1, false);


--
-- TOC entry 3391 (class 0 OID 0)
-- Dependencies: 214
-- Name: classifier_options_request_model_id_seq; Type: SEQUENCE SET; Schema: public; Owner: postgres
--

SELECT pg_catalog.setval('public.classifier_options_request_model_id_seq', 1, false);


--
-- TOC entry 3392 (class 0 OID 0)
-- Dependencies: 216
-- Name: classifier_options_response_model_id_seq; Type: SEQUENCE SET; Schema: public; Owner: postgres
--

SELECT pg_catalog.setval('public.classifier_options_response_model_id_seq', 1, false);


--
-- TOC entry 3393 (class 0 OID 0)
-- Dependencies: 254
-- Name: classifiers_configuration_history_id_seq; Type: SEQUENCE SET; Schema: public; Owner: postgres
--

SELECT pg_catalog.setval('public.classifiers_configuration_history_id_seq', 1, false);


--
-- TOC entry 3394 (class 0 OID 0)
-- Dependencies: 236
-- Name: classifiers_configuration_id_seq; Type: SEQUENCE SET; Schema: public; Owner: postgres
--

SELECT pg_catalog.setval('public.classifiers_configuration_id_seq', 1, false);


--
-- TOC entry 3395 (class 0 OID 0)
-- Dependencies: 208
-- Name: ers_request_id_seq; Type: SEQUENCE SET; Schema: public; Owner: postgres
--

SELECT pg_catalog.setval('public.ers_request_id_seq', 1, false);


--
-- TOC entry 3396 (class 0 OID 0)
-- Dependencies: 210
-- Name: evaluation_results_request_id_seq; Type: SEQUENCE SET; Schema: public; Owner: postgres
--

SELECT pg_catalog.setval('public.evaluation_results_request_id_seq', 1, false);


--
-- TOC entry 3397 (class 0 OID 0)
-- Dependencies: 238
-- Name: experiment_progress_id_seq; Type: SEQUENCE SET; Schema: public; Owner: postgres
--

SELECT pg_catalog.setval('public.experiment_progress_id_seq', 1, false);


--
-- TOC entry 3398 (class 0 OID 0)
-- Dependencies: 234
-- Name: experiment_results_id_seq; Type: SEQUENCE SET; Schema: public; Owner: postgres
--

SELECT pg_catalog.setval('public.experiment_results_id_seq', 1, false);


--
-- TOC entry 3399 (class 0 OID 0)
-- Dependencies: 212
-- Name: experiment_results_request_id_seq; Type: SEQUENCE SET; Schema: public; Owner: postgres
--

SELECT pg_catalog.setval('public.experiment_results_request_id_seq', 1, false);


--
-- TOC entry 3400 (class 0 OID 0)
-- Dependencies: 257
-- Name: experiment_step_id_seq; Type: SEQUENCE SET; Schema: public; Owner: postgres
--

SELECT pg_catalog.setval('public.experiment_step_id_seq', 1, false);


--
-- TOC entry 3401 (class 0 OID 0)
-- Dependencies: 222
-- Name: filter_dictionary_id_seq; Type: SEQUENCE SET; Schema: public; Owner: postgres
--

SELECT pg_catalog.setval('public.filter_dictionary_id_seq', 1, false);


--
-- TOC entry 3402 (class 0 OID 0)
-- Dependencies: 226
-- Name: filter_dictionary_value_id_seq; Type: SEQUENCE SET; Schema: public; Owner: postgres
--

SELECT pg_catalog.setval('public.filter_dictionary_value_id_seq', 48, true);


--
-- TOC entry 3403 (class 0 OID 0)
-- Dependencies: 224
-- Name: filter_field_id_seq; Type: SEQUENCE SET; Schema: public; Owner: postgres
--

SELECT pg_catalog.setval('public.filter_field_id_seq', 26, true);


--
-- TOC entry 3404 (class 0 OID 0)
-- Dependencies: 220
-- Name: filter_template_id_seq; Type: SEQUENCE SET; Schema: public; Owner: postgres
--

SELECT pg_catalog.setval('public.filter_template_id_seq', 1, false);


--
-- TOC entry 3405 (class 0 OID 0)
-- Dependencies: 248
-- Name: form_field_dictionary_id_seq; Type: SEQUENCE SET; Schema: public; Owner: postgres
--

SELECT pg_catalog.setval('public.form_field_dictionary_id_seq', 1, false);


--
-- TOC entry 3406 (class 0 OID 0)
-- Dependencies: 252
-- Name: form_field_dictionary_value_id_seq; Type: SEQUENCE SET; Schema: public; Owner: postgres
--

SELECT pg_catalog.setval('public.form_field_dictionary_value_id_seq', 1, false);


--
-- TOC entry 3407 (class 0 OID 0)
-- Dependencies: 250
-- Name: form_field_id_seq; Type: SEQUENCE SET; Schema: public; Owner: postgres
--

SELECT pg_catalog.setval('public.form_field_id_seq', 1, false);


--
-- TOC entry 3408 (class 0 OID 0)
-- Dependencies: 244
-- Name: form_template_group_id_seq; Type: SEQUENCE SET; Schema: public; Owner: postgres
--

SELECT pg_catalog.setval('public.form_template_group_id_seq', 1, false);


--
-- TOC entry 3409 (class 0 OID 0)
-- Dependencies: 246
-- Name: form_template_id_seq; Type: SEQUENCE SET; Schema: public; Owner: postgres
--

SELECT pg_catalog.setval('public.form_template_id_seq', 1, false);


--
-- TOC entry 3410 (class 0 OID 0)
-- Dependencies: 230
-- Name: global_filter_field_id_seq; Type: SEQUENCE SET; Schema: public; Owner: postgres
--

SELECT pg_catalog.setval('public.global_filter_field_id_seq', 23, true);


--
-- TOC entry 3411 (class 0 OID 0)
-- Dependencies: 228
-- Name: global_filter_template_id_seq; Type: SEQUENCE SET; Schema: public; Owner: postgres
--

SELECT pg_catalog.setval('public.global_filter_template_id_seq', 1, false);


--
-- TOC entry 3412 (class 0 OID 0)
-- Dependencies: 202
-- Name: hibernate_sequence; Type: SEQUENCE SET; Schema: public; Owner: postgres
--

SELECT pg_catalog.setval('public.hibernate_sequence', 23, true);


--
-- TOC entry 3133 (class 2606 OID 17471)
-- Name: audit_code audit_code_pkey; Type: CONSTRAINT; Schema: public; Owner: postgres
--

ALTER TABLE ONLY public.audit_code
    ADD CONSTRAINT audit_code_pkey PRIMARY KEY (id);


--
-- TOC entry 3135 (class 2606 OID 17491)
-- Name: audit_event_template audit_event_template_code_id_event_type_unique_index; Type: CONSTRAINT; Schema: public; Owner: postgres
--

ALTER TABLE ONLY public.audit_event_template
    ADD CONSTRAINT audit_event_template_code_id_event_type_unique_index UNIQUE (audit_code_id, event_type);


--
-- TOC entry 3137 (class 2606 OID 17484)
-- Name: audit_event_template audit_event_template_pkey; Type: CONSTRAINT; Schema: public; Owner: postgres
--

ALTER TABLE ONLY public.audit_event_template
    ADD CONSTRAINT audit_event_template_pkey PRIMARY KEY (id);


--
-- TOC entry 3131 (class 2606 OID 17462)
-- Name: audit_group audit_group_pkey; Type: CONSTRAINT; Schema: public; Owner: postgres
--

ALTER TABLE ONLY public.audit_group
    ADD CONSTRAINT audit_group_pkey PRIMARY KEY (id);


--
-- TOC entry 3123 (class 2606 OID 17354)
-- Name: classifier_info classifier_info_pkey; Type: CONSTRAINT; Schema: public; Owner: postgres
--

ALTER TABLE ONLY public.classifier_info
    ADD CONSTRAINT classifier_info_pkey PRIMARY KEY (id);


--
-- TOC entry 3089 (class 2606 OID 17152)
-- Name: classifier_options classifier_options_pkey; Type: CONSTRAINT; Schema: public; Owner: postgres
--

ALTER TABLE ONLY public.classifier_options
    ADD CONSTRAINT classifier_options_pkey PRIMARY KEY (id);


--
-- TOC entry 3103 (class 2606 OID 17209)
-- Name: classifier_options_request_model classifier_options_request_model_pkey; Type: CONSTRAINT; Schema: public; Owner: postgres
--

ALTER TABLE ONLY public.classifier_options_request_model
    ADD CONSTRAINT classifier_options_request_model_pkey PRIMARY KEY (id);


--
-- TOC entry 3107 (class 2606 OID 17237)
-- Name: classifier_options_request classifier_options_request_pkey; Type: CONSTRAINT; Schema: public; Owner: postgres
--

ALTER TABLE ONLY public.classifier_options_request
    ADD CONSTRAINT classifier_options_request_pkey PRIMARY KEY (id);


--
-- TOC entry 3109 (class 2606 OID 17677)
-- Name: classifier_options_request classifier_options_request_request_id_unique_idx; Type: CONSTRAINT; Schema: public; Owner: postgres
--

ALTER TABLE ONLY public.classifier_options_request
    ADD CONSTRAINT classifier_options_request_request_id_unique_idx UNIQUE (request_id);


--
-- TOC entry 3105 (class 2606 OID 17225)
-- Name: classifier_options_response_model classifier_options_response_model_pkey; Type: CONSTRAINT; Schema: public; Owner: postgres
--

ALTER TABLE ONLY public.classifier_options_response_model
    ADD CONSTRAINT classifier_options_response_model_pkey PRIMARY KEY (id);


--
-- TOC entry 3159 (class 2606 OID 17632)
-- Name: classifiers_configuration_history classifiers_configuration_history_pkey; Type: CONSTRAINT; Schema: public; Owner: postgres
--

ALTER TABLE ONLY public.classifiers_configuration_history
    ADD CONSTRAINT classifiers_configuration_history_pkey PRIMARY KEY (id);


--
-- TOC entry 3127 (class 2606 OID 17397)
-- Name: classifiers_configuration classifiers_configuration_pkey; Type: CONSTRAINT; Schema: public; Owner: postgres
--

ALTER TABLE ONLY public.classifiers_configuration
    ADD CONSTRAINT classifiers_configuration_pkey PRIMARY KEY (id);


--
-- TOC entry 3070 (class 2606 OID 17090)
-- Name: databasechangeloglock databasechangeloglock_pkey; Type: CONSTRAINT; Schema: public; Owner: postgres
--

ALTER TABLE ONLY public.databasechangeloglock
    ADD CONSTRAINT databasechangeloglock_pkey PRIMARY KEY (id);


--
-- TOC entry 3091 (class 2606 OID 17538)
-- Name: ers_request ers_request_id_unique_idx; Type: CONSTRAINT; Schema: public; Owner: postgres
--

ALTER TABLE ONLY public.ers_request
    ADD CONSTRAINT ers_request_id_unique_idx UNIQUE (request_id);


--
-- TOC entry 3093 (class 2606 OID 17162)
-- Name: ers_request ers_request_pkey; Type: CONSTRAINT; Schema: public; Owner: postgres
--

ALTER TABLE ONLY public.ers_request
    ADD CONSTRAINT ers_request_pkey PRIMARY KEY (id);


--
-- TOC entry 3078 (class 2606 OID 17114)
-- Name: evaluation_log evaluation_log_pkey; Type: CONSTRAINT; Schema: public; Owner: postgres
--

ALTER TABLE ONLY public.evaluation_log
    ADD CONSTRAINT evaluation_log_pkey PRIMARY KEY (id);


--
-- TOC entry 3080 (class 2606 OID 17540)
-- Name: evaluation_log evaluation_log_request_id_unique_idx; Type: CONSTRAINT; Schema: public; Owner: postgres
--

ALTER TABLE ONLY public.evaluation_log
    ADD CONSTRAINT evaluation_log_request_id_unique_idx UNIQUE (request_id);


--
-- TOC entry 3095 (class 2606 OID 17544)
-- Name: evaluation_results_request evaluation_results_request_evaluation_log_id_unique_idx; Type: CONSTRAINT; Schema: public; Owner: postgres
--

ALTER TABLE ONLY public.evaluation_results_request
    ADD CONSTRAINT evaluation_results_request_evaluation_log_id_unique_idx UNIQUE (evaluation_log_id);


--
-- TOC entry 3097 (class 2606 OID 17169)
-- Name: evaluation_results_request evaluation_results_request_pkey; Type: CONSTRAINT; Schema: public; Owner: postgres
--

ALTER TABLE ONLY public.evaluation_results_request
    ADD CONSTRAINT evaluation_results_request_pkey PRIMARY KEY (id);


--
-- TOC entry 3084 (class 2606 OID 17140)
-- Name: experiment experiment_pkey; Type: CONSTRAINT; Schema: public; Owner: postgres
--

ALTER TABLE ONLY public.experiment
    ADD CONSTRAINT experiment_pkey PRIMARY KEY (id);


--
-- TOC entry 3129 (class 2606 OID 17449)
-- Name: experiment_progress experiment_progress_pkey; Type: CONSTRAINT; Schema: public; Owner: postgres
--

ALTER TABLE ONLY public.experiment_progress
    ADD CONSTRAINT experiment_progress_pkey PRIMARY KEY (id);


--
-- TOC entry 3125 (class 2606 OID 17372)
-- Name: experiment_results experiment_results_pkey; Type: CONSTRAINT; Schema: public; Owner: postgres
--

ALTER TABLE ONLY public.experiment_results
    ADD CONSTRAINT experiment_results_pkey PRIMARY KEY (id);


--
-- TOC entry 3099 (class 2606 OID 17542)
-- Name: experiment_results_request experiment_results_request_experiment_results_id_unique_idx; Type: CONSTRAINT; Schema: public; Owner: postgres
--

ALTER TABLE ONLY public.experiment_results_request
    ADD CONSTRAINT experiment_results_request_experiment_results_id_unique_idx UNIQUE (experiment_results_id);


--
-- TOC entry 3101 (class 2606 OID 17186)
-- Name: experiment_results_request experiment_results_request_pkey; Type: CONSTRAINT; Schema: public; Owner: postgres
--

ALTER TABLE ONLY public.experiment_results_request
    ADD CONSTRAINT experiment_results_request_pkey PRIMARY KEY (id);


--
-- TOC entry 3165 (class 2606 OID 17661)
-- Name: experiment_step experiment_step_pkey; Type: CONSTRAINT; Schema: public; Owner: postgres
--

ALTER TABLE ONLY public.experiment_step
    ADD CONSTRAINT experiment_step_pkey PRIMARY KEY (id);


--
-- TOC entry 3086 (class 2606 OID 17142)
-- Name: experiment experiment_uuid_key; Type: CONSTRAINT; Schema: public; Owner: postgres
--

ALTER TABLE ONLY public.experiment
    ADD CONSTRAINT experiment_uuid_key UNIQUE (request_id);


--
-- TOC entry 3113 (class 2606 OID 17274)
-- Name: filter_dictionary filter_dictionary_pkey; Type: CONSTRAINT; Schema: public; Owner: postgres
--

ALTER TABLE ONLY public.filter_dictionary
    ADD CONSTRAINT filter_dictionary_pkey PRIMARY KEY (id);


--
-- TOC entry 3117 (class 2606 OID 17304)
-- Name: filter_dictionary_value filter_dictionary_value_pkey; Type: CONSTRAINT; Schema: public; Owner: postgres
--

ALTER TABLE ONLY public.filter_dictionary_value
    ADD CONSTRAINT filter_dictionary_value_pkey PRIMARY KEY (id);


--
-- TOC entry 3115 (class 2606 OID 17284)
-- Name: filter_field filter_field_pkey; Type: CONSTRAINT; Schema: public; Owner: postgres
--

ALTER TABLE ONLY public.filter_field
    ADD CONSTRAINT filter_field_pkey PRIMARY KEY (id);


--
-- TOC entry 3111 (class 2606 OID 17267)
-- Name: filter_template filter_template_pkey; Type: CONSTRAINT; Schema: public; Owner: postgres
--

ALTER TABLE ONLY public.filter_template
    ADD CONSTRAINT filter_template_pkey PRIMARY KEY (id);


--
-- TOC entry 3149 (class 2606 OID 17577)
-- Name: form_field_dictionary form_field_dictionary_pkey; Type: CONSTRAINT; Schema: public; Owner: postgres
--

ALTER TABLE ONLY public.form_field_dictionary
    ADD CONSTRAINT form_field_dictionary_pkey PRIMARY KEY (id);


--
-- TOC entry 3155 (class 2606 OID 17618)
-- Name: form_field_dictionary_value form_field_dictionary_value_dictionary_id_unique_idx; Type: CONSTRAINT; Schema: public; Owner: postgres
--

ALTER TABLE ONLY public.form_field_dictionary_value
    ADD CONSTRAINT form_field_dictionary_value_dictionary_id_unique_idx UNIQUE (value, dictionary_id);


--
-- TOC entry 3157 (class 2606 OID 17611)
-- Name: form_field_dictionary_value form_field_dictionary_value_pkey; Type: CONSTRAINT; Schema: public; Owner: postgres
--

ALTER TABLE ONLY public.form_field_dictionary_value
    ADD CONSTRAINT form_field_dictionary_value_pkey PRIMARY KEY (id);


--
-- TOC entry 3151 (class 2606 OID 17601)
-- Name: form_field form_field_name_template_id_unique_idx; Type: CONSTRAINT; Schema: public; Owner: postgres
--

ALTER TABLE ONLY public.form_field
    ADD CONSTRAINT form_field_name_template_id_unique_idx UNIQUE (field_name, template_id);


--
-- TOC entry 3153 (class 2606 OID 17589)
-- Name: form_field form_field_pkey; Type: CONSTRAINT; Schema: public; Owner: postgres
--

ALTER TABLE ONLY public.form_field
    ADD CONSTRAINT form_field_pkey PRIMARY KEY (id);


--
-- TOC entry 3141 (class 2606 OID 17553)
-- Name: form_template_group form_template_group_name_unique_idx; Type: CONSTRAINT; Schema: public; Owner: postgres
--

ALTER TABLE ONLY public.form_template_group
    ADD CONSTRAINT form_template_group_name_unique_idx UNIQUE (group_name);


--
-- TOC entry 3143 (class 2606 OID 17551)
-- Name: form_template_group form_template_group_pkey; Type: CONSTRAINT; Schema: public; Owner: postgres
--

ALTER TABLE ONLY public.form_template_group
    ADD CONSTRAINT form_template_group_pkey PRIMARY KEY (id);


--
-- TOC entry 3145 (class 2606 OID 17570)
-- Name: form_template form_template_name_unique_idx; Type: CONSTRAINT; Schema: public; Owner: postgres
--

ALTER TABLE ONLY public.form_template
    ADD CONSTRAINT form_template_name_unique_idx UNIQUE (template_name);


--
-- TOC entry 3147 (class 2606 OID 17563)
-- Name: form_template form_template_pkey; Type: CONSTRAINT; Schema: public; Owner: postgres
--

ALTER TABLE ONLY public.form_template
    ADD CONSTRAINT form_template_pkey PRIMARY KEY (id);


--
-- TOC entry 3121 (class 2606 OID 17341)
-- Name: global_filter_field global_filter_field_pkey; Type: CONSTRAINT; Schema: public; Owner: postgres
--

ALTER TABLE ONLY public.global_filter_field
    ADD CONSTRAINT global_filter_field_pkey PRIMARY KEY (id);


--
-- TOC entry 3119 (class 2606 OID 17334)
-- Name: global_filter_template global_filter_template_pkey; Type: CONSTRAINT; Schema: public; Owner: postgres
--

ALTER TABLE ONLY public.global_filter_template
    ADD CONSTRAINT global_filter_template_pkey PRIMARY KEY (id);


--
-- TOC entry 3072 (class 2606 OID 17675)
-- Name: instances_info instances_info_data_md5_hash_unique_idx; Type: CONSTRAINT; Schema: public; Owner: postgres
--

ALTER TABLE ONLY public.instances_info
    ADD CONSTRAINT instances_info_data_md5_hash_unique_idx UNIQUE (data_md5_hash);


--
-- TOC entry 3074 (class 2606 OID 17106)
-- Name: instances_info instances_info_pkey; Type: CONSTRAINT; Schema: public; Owner: postgres
--

ALTER TABLE ONLY public.instances_info
    ADD CONSTRAINT instances_info_pkey PRIMARY KEY (id);


--
-- TOC entry 3076 (class 2606 OID 17673)
-- Name: instances_info instances_info_uuid_key; Type: CONSTRAINT; Schema: public; Owner: postgres
--

ALTER TABLE ONLY public.instances_info
    ADD CONSTRAINT instances_info_uuid_key UNIQUE (uuid);


--
-- TOC entry 3161 (class 2606 OID 17645)
-- Name: message_template message_template_pkey; Type: CONSTRAINT; Schema: public; Owner: postgres
--

ALTER TABLE ONLY public.message_template
    ADD CONSTRAINT message_template_pkey PRIMARY KEY (id);


--
-- TOC entry 3139 (class 2606 OID 17509)
-- Name: retry_request retry_request_pkey; Type: CONSTRAINT; Schema: public; Owner: postgres
--

ALTER TABLE ONLY public.retry_request
    ADD CONSTRAINT retry_request_pkey PRIMARY KEY (id);


--
-- TOC entry 3162 (class 1259 OID 17668)
-- Name: experiment_step_experiment_id_step_order_unique_idx; Type: INDEX; Schema: public; Owner: postgres
--

CREATE UNIQUE INDEX experiment_step_experiment_id_step_order_unique_idx ON public.experiment_step USING btree (experiment_id, step_order);


--
-- TOC entry 3163 (class 1259 OID 17667)
-- Name: experiment_step_experiment_id_step_unique_idx; Type: INDEX; Schema: public; Owner: postgres
--

CREATE UNIQUE INDEX experiment_step_experiment_id_step_unique_idx ON public.experiment_step USING btree (experiment_id, step);


--
-- TOC entry 3081 (class 1259 OID 17198)
-- Name: idx_evaluation_status; Type: INDEX; Schema: public; Owner: postgres
--

CREATE INDEX idx_evaluation_status ON public.evaluation_log USING btree (request_status);


--
-- TOC entry 3087 (class 1259 OID 17199)
-- Name: idx_experiment_status; Type: INDEX; Schema: public; Owner: postgres
--

CREATE INDEX idx_experiment_status ON public.experiment USING btree (request_status);


--
-- TOC entry 3082 (class 1259 OID 17197)
-- Name: idx_request_id; Type: INDEX; Schema: public; Owner: postgres
--

CREATE INDEX idx_request_id ON public.evaluation_log USING btree (request_id);


--
-- TOC entry 3185 (class 2606 OID 17472)
-- Name: audit_code fk_audit_code_group_id; Type: FK CONSTRAINT; Schema: public; Owner: postgres
--

ALTER TABLE ONLY public.audit_code
    ADD CONSTRAINT fk_audit_code_group_id FOREIGN KEY (audit_group_id) REFERENCES public.audit_group(id);


--
-- TOC entry 3186 (class 2606 OID 17485)
-- Name: audit_event_template fk_audit_event_template_code_id; Type: FK CONSTRAINT; Schema: public; Owner: postgres
--

ALTER TABLE ONLY public.audit_event_template
    ADD CONSTRAINT fk_audit_event_template_code_id FOREIGN KEY (audit_code_id) REFERENCES public.audit_code(id);


--
-- TOC entry 3169 (class 2606 OID 17398)
-- Name: classifier_options fk_classifier_options_classifiers_configuration_id; Type: FK CONSTRAINT; Schema: public; Owner: postgres
--

ALTER TABLE ONLY public.classifier_options
    ADD CONSTRAINT fk_classifier_options_classifiers_configuration_id FOREIGN KEY (configuration_id) REFERENCES public.classifiers_configuration(id);


--
-- TOC entry 3174 (class 2606 OID 17210)
-- Name: classifier_options_request_model fk_classifier_options_request_id; Type: FK CONSTRAINT; Schema: public; Owner: postgres
--

ALTER TABLE ONLY public.classifier_options_request_model
    ADD CONSTRAINT fk_classifier_options_request_id FOREIGN KEY (id) REFERENCES public.ers_request(id);


--
-- TOC entry 3176 (class 2606 OID 17226)
-- Name: classifier_options_response_model fk_classifier_options_request_model_id; Type: FK CONSTRAINT; Schema: public; Owner: postgres
--

ALTER TABLE ONLY public.classifier_options_response_model
    ADD CONSTRAINT fk_classifier_options_request_model_id FOREIGN KEY (classifier_options_request_model_id) REFERENCES public.classifier_options_request_model(id);


--
-- TOC entry 3175 (class 2606 OID 17678)
-- Name: classifier_options_request_model fk_classifier_options_request_model_instances_info_id; Type: FK CONSTRAINT; Schema: public; Owner: postgres
--

ALTER TABLE ONLY public.classifier_options_request_model
    ADD CONSTRAINT fk_classifier_options_request_model_instances_info_id FOREIGN KEY (instances_info_id) REFERENCES public.instances_info(id);


--
-- TOC entry 3191 (class 2606 OID 17633)
-- Name: classifiers_configuration_history fk_classifiers_configuration_history_configuration_id; Type: FK CONSTRAINT; Schema: public; Owner: postgres
--

ALTER TABLE ONLY public.classifiers_configuration_history
    ADD CONSTRAINT fk_classifiers_configuration_history_configuration_id FOREIGN KEY (configuration_id) REFERENCES public.classifiers_configuration(id);


--
-- TOC entry 3170 (class 2606 OID 17170)
-- Name: evaluation_results_request fk_evaluation_log; Type: FK CONSTRAINT; Schema: public; Owner: postgres
--

ALTER TABLE ONLY public.evaluation_results_request
    ADD CONSTRAINT fk_evaluation_log FOREIGN KEY (evaluation_log_id) REFERENCES public.evaluation_log(id);


--
-- TOC entry 3167 (class 2606 OID 17360)
-- Name: evaluation_log fk_evaluation_log_classifier_info_id; Type: FK CONSTRAINT; Schema: public; Owner: postgres
--

ALTER TABLE ONLY public.evaluation_log
    ADD CONSTRAINT fk_evaluation_log_classifier_info_id FOREIGN KEY (classifier_info_id) REFERENCES public.classifier_info(id);


--
-- TOC entry 3166 (class 2606 OID 17115)
-- Name: evaluation_log fk_evaluation_log_instances_info_id; Type: FK CONSTRAINT; Schema: public; Owner: postgres
--

ALTER TABLE ONLY public.evaluation_log
    ADD CONSTRAINT fk_evaluation_log_instances_info_id FOREIGN KEY (instances_info_id) REFERENCES public.instances_info(id);


--
-- TOC entry 3171 (class 2606 OID 17175)
-- Name: evaluation_results_request fk_evaluation_results_id; Type: FK CONSTRAINT; Schema: public; Owner: postgres
--

ALTER TABLE ONLY public.evaluation_results_request
    ADD CONSTRAINT fk_evaluation_results_id FOREIGN KEY (id) REFERENCES public.ers_request(id);


--
-- TOC entry 3168 (class 2606 OID 17646)
-- Name: experiment fk_experiment_instances_info_id; Type: FK CONSTRAINT; Schema: public; Owner: postgres
--

ALTER TABLE ONLY public.experiment
    ADD CONSTRAINT fk_experiment_instances_info_id FOREIGN KEY (instances_info_id) REFERENCES public.instances_info(id);


--
-- TOC entry 3184 (class 2606 OID 17450)
-- Name: experiment_progress fk_experiment_progress_experiment_id; Type: FK CONSTRAINT; Schema: public; Owner: postgres
--

ALTER TABLE ONLY public.experiment_progress
    ADD CONSTRAINT fk_experiment_progress_experiment_id FOREIGN KEY (experiment_id) REFERENCES public.experiment(id);


--
-- TOC entry 3183 (class 2606 OID 17378)
-- Name: experiment_results fk_experiment_results_classifier_info_id; Type: FK CONSTRAINT; Schema: public; Owner: postgres
--

ALTER TABLE ONLY public.experiment_results
    ADD CONSTRAINT fk_experiment_results_classifier_info_id FOREIGN KEY (classifier_info_id) REFERENCES public.classifier_info(id);


--
-- TOC entry 3182 (class 2606 OID 17373)
-- Name: experiment_results fk_experiment_results_experiment_id; Type: FK CONSTRAINT; Schema: public; Owner: postgres
--

ALTER TABLE ONLY public.experiment_results
    ADD CONSTRAINT fk_experiment_results_experiment_id FOREIGN KEY (experiment_id) REFERENCES public.experiment(id);


--
-- TOC entry 3172 (class 2606 OID 17192)
-- Name: experiment_results_request fk_experiment_results_id; Type: FK CONSTRAINT; Schema: public; Owner: postgres
--

ALTER TABLE ONLY public.experiment_results_request
    ADD CONSTRAINT fk_experiment_results_id FOREIGN KEY (id) REFERENCES public.ers_request(id);


--
-- TOC entry 3173 (class 2606 OID 17383)
-- Name: experiment_results_request fk_experiment_results_request_experiment_results_id; Type: FK CONSTRAINT; Schema: public; Owner: postgres
--

ALTER TABLE ONLY public.experiment_results_request
    ADD CONSTRAINT fk_experiment_results_request_experiment_results_id FOREIGN KEY (experiment_results_id) REFERENCES public.experiment_results(id);


--
-- TOC entry 3192 (class 2606 OID 17662)
-- Name: experiment_step fk_experiment_step_experiment_id; Type: FK CONSTRAINT; Schema: public; Owner: postgres
--

ALTER TABLE ONLY public.experiment_step
    ADD CONSTRAINT fk_experiment_step_experiment_id FOREIGN KEY (experiment_id) REFERENCES public.experiment(id);


--
-- TOC entry 3180 (class 2606 OID 17305)
-- Name: filter_dictionary_value fk_filter_dictionary_id; Type: FK CONSTRAINT; Schema: public; Owner: postgres
--

ALTER TABLE ONLY public.filter_dictionary_value
    ADD CONSTRAINT fk_filter_dictionary_id FOREIGN KEY (filter_dictionary_id) REFERENCES public.filter_dictionary(id);


--
-- TOC entry 3179 (class 2606 OID 17290)
-- Name: filter_field fk_filter_field_dictionary_id; Type: FK CONSTRAINT; Schema: public; Owner: postgres
--

ALTER TABLE ONLY public.filter_field
    ADD CONSTRAINT fk_filter_field_dictionary_id FOREIGN KEY (filter_dictionary_id) REFERENCES public.filter_dictionary(id);


--
-- TOC entry 3178 (class 2606 OID 17285)
-- Name: filter_field fk_filter_template_id; Type: FK CONSTRAINT; Schema: public; Owner: postgres
--

ALTER TABLE ONLY public.filter_field
    ADD CONSTRAINT fk_filter_template_id FOREIGN KEY (filter_template_id) REFERENCES public.filter_template(id);


--
-- TOC entry 3188 (class 2606 OID 17590)
-- Name: form_field fk_form_field_dictionary_id; Type: FK CONSTRAINT; Schema: public; Owner: postgres
--

ALTER TABLE ONLY public.form_field
    ADD CONSTRAINT fk_form_field_dictionary_id FOREIGN KEY (dictionary_id) REFERENCES public.form_field_dictionary(id);


--
-- TOC entry 3190 (class 2606 OID 17612)
-- Name: form_field_dictionary_value fk_form_field_dictionary_value_dictionary_id; Type: FK CONSTRAINT; Schema: public; Owner: postgres
--

ALTER TABLE ONLY public.form_field_dictionary_value
    ADD CONSTRAINT fk_form_field_dictionary_value_dictionary_id FOREIGN KEY (dictionary_id) REFERENCES public.form_field_dictionary(id);


--
-- TOC entry 3187 (class 2606 OID 17564)
-- Name: form_template fk_form_template_group_id; Type: FK CONSTRAINT; Schema: public; Owner: postgres
--

ALTER TABLE ONLY public.form_template
    ADD CONSTRAINT fk_form_template_group_id FOREIGN KEY (group_id) REFERENCES public.form_template_group(id);


--
-- TOC entry 3189 (class 2606 OID 17595)
-- Name: form_field fk_form_template_id; Type: FK CONSTRAINT; Schema: public; Owner: postgres
--

ALTER TABLE ONLY public.form_field
    ADD CONSTRAINT fk_form_template_id FOREIGN KEY (template_id) REFERENCES public.form_template(id);


--
-- TOC entry 3181 (class 2606 OID 17342)
-- Name: global_filter_field fk_global_filter_template_id; Type: FK CONSTRAINT; Schema: public; Owner: postgres
--

ALTER TABLE ONLY public.global_filter_field
    ADD CONSTRAINT fk_global_filter_template_id FOREIGN KEY (global_filter_template_id) REFERENCES public.global_filter_template(id);


--
-- TOC entry 3177 (class 2606 OID 17238)
-- Name: classifier_options_request fk_options_request_model_id; Type: FK CONSTRAINT; Schema: public; Owner: postgres
--

ALTER TABLE ONLY public.classifier_options_request
    ADD CONSTRAINT fk_options_request_model_id FOREIGN KEY (classifier_options_request_model_id) REFERENCES public.classifier_options_request_model(id);


-- Completed on 2023-06-30 22:15:00

--
-- PostgreSQL database dump complete
--

